DT_GERACAO;HH_GERACAO;ANO_ELEICAO;CD_TIPO_ELEICAO;NM_TIPO_ELEICAO;CD_PLEITO;DT_PLEITO;NR_TURNO;CD_ELEICAO;DS_ELEICAO;SG_UF;CD_MUNICIPIO;NM_MUNICIPIO;NR_ZONA;NR_SECAO;NR_LOCAL_VOTACAO;CD_CARGO_PERGUNTA;DS_CARGO_PERGUNTA;NR_PARTIDO;SG_PARTIDO;NM_PARTIDO;DT_BU_RECEBIDO;QT_APTOS;QT_COMPARECIMENTO;QT_ABSTENCOES;CD_TIPO_URNA;DS_TIPO_URNA;CD_TIPO_VOTAVEL;DS_TIPO_VOTAVEL;NR_VOTAVEL;NM_VOTAVEL;QT_VOTOS;NR_URNA_EFETIVADA;CD_CARGA_1_URNA_EFETIVADA;CD_CARGA_2_URNA_EFETIVADA;CD_FLASHCARD_URNA_EFETIVADA;DT_CARGA_URNA_EFETIVADA;DS_CARGO_PERGUNTA_SECAO;DS_SECOES_AGREGADAS;DT_ABERTURA;DT_ENCERRAMENTO;QT_ELEI_BIOM_SEM_HABILITACAO;DT_EMISSAO_BU;NR_JUNTA_APURADORA;NR_TURMA_APURADORA
09/10/2024;16:36:29;2024;0;Eleição Ordinária;452;2024-10-06 00:00:00;1;619;Eleições Municipais 2024;RR;3085;RORAINÓPOLIS;8;47;1155;13;Vereador;10;REPUBLICANOS;REPUBLICANOS;2024-10-06 18:58:51;220;195;25;1;Apurada;1;Nominal;10789;FALCÃO RADIALISTA;1;2257726;410.129.461.615.316.496.;739.300;A10E017D;2024-09-24 09:17:00;13 - 47;#NULO#;2024-10-06 07:16:20;2024-10-06 16:02:31;5;2024-10-06 16:06:12;-1;-1
09/10/2024;16:36:29;2024;0;Eleição Ordinária;452;2024-10-06 00:00:00;1;619;Eleições Municipais 2024;RR;3018;BOA VISTA;5;400;2054;13;Vereador;44;UNIÃO;União Brasil;2024-10-06 18:56:21;316;260;56;1;Apurada;1;Nominal;44044;CLEO MELO;1;2226391;960.651.963.331.504.269.;596.784;3178ECF9;2024-10-03 09:50:00;13 - 400;#NULO#;2024-10-06 08:35:05;2024-10-06 16:04:00;11;2024-10-06 16:05:45;-1;-1
09/10/2024;16:36:29;2024;0;Eleição Ordinária;452;2024-10-06 00:00:00;1;619;Eleições Municipais 2024;RR;3018;BOA VISTA;5;699;1783;13;Vereador;13;PT;Partido dos Trabalhadores;2024-10-06 18:57:41;306;272;34;1;Apurada;1;Nominal;13123;OLAVO DA CONSTRUÇÃO CIVIL;1;2020112;516.106.672.776.502.100.;869.019;F2182C5A;2024-10-03 08:58:00;13 - 699;#NULO#;2024-10-06 07:00:01;2024-10-06 16:01:19;9;2024-10-06 16:04:40;-1;-1
09/10/2024;16:36:29;2024;0;Eleição Ordinária;452;2024-10-06 00:00:00;1;619;Eleições Municipais 2024;RR;3018;BOA VISTA;5;699;1783;13;Vereador;44;UNIÃO;União Brasil;2024-10-06 18:57:41;306;272;34;1;Apurada;1;Nominal;44044;CLEO MELO;1;2020112;516.106.672.776.502.100.;869.019;F2182C5A;2024-10-03 08:58:00;13 - 699;#NULO#;2024-10-06 07:00:01;2024-10-06 16:01:19;9;2024-10-06 16:04:40;-1;-1
09/10/2024;16:36:29;2024;0;Eleição Ordinária;452;2024-10-06 00:00:00;1;619;Eleições Municipais 2024;RR;3115;NORMANDIA;5;698;1023;13;Vereador;55;PSD;Partido Social Democrático;2024-10-06 18:20:35;191;172;19;1;Apurada;1;Nominal;55777;FÁBIO SOUZA;7;2255188;352.590.403.408.998.455.;800.072;510FF056;2024-09-24 09:22:00;13 - 698;#NULO#;2024-10-06 07:00:01;2024-10-06 16:18:08;2;2024-10-06 16:18:45;-1;-1
09/10/2024;16:36:29;2024;0;Eleição Ordinária;452;2024-10-06 00:00:00;1;619;Eleições Municipais 2024;RR;3042;AMAJARI;7;24;1023;13;Vereador;12;PDT;Partido Democrático Trabalhista;2024-10-06 17:56:06;268;219;49;1;Apurada;1;Nominal;12666;CHICLETE;1;2275532;039.280.614.312.749.569.;98.276;8A475BC8;2024-09-23 09:33:00;13 - 24;#NULO#;2024-10-06 07:00:01;2024-10-06 16:02:22;8;2024-10-06 16:04:12;-1;-1
09/10/2024;16:36:29;2024;0;Eleição Ordinária;452;2024-10-06 00:00:00;1;619;Eleições Municipais 2024;RR;3018;BOA VISTA;1;82;3778;13;Vereador;44;UNIÃO;União Brasil;2024-10-06 18:57:44;288;232;56;1;Apurada;1;Nominal;44044;CLEO MELO;1;2226139;708.081.489.953.138.059.;981.005;2A77E17F;2024-10-02 10:05:00;13 - 82;#NULO#;2024-10-06 07:00:01;2024-10-06 16:06:01;31;2024-10-06 16:08:09;-1;-1
09/10/2024;16:36:29;2024;0;Eleição Ordinária;452;2024-10-06 00:00:00;1;619;Eleições Municipais 2024;RR;3018;BOA VISTA;5;126;1481;13;Vereador;13;PT;Partido dos Trabalhadores;2024-10-06 18:44:45;294;235;59;1;Apurada;1;Nominal;13123;OLAVO DA CONSTRUÇÃO CIVIL;1;2226454;455.500.347.240.820.677.;943.969;ECD775CF;2024-10-03 09:04:00;13 - 126;#NULO#;2024-10-06 07:00:01;2024-10-06 16:08:29;10;2024-10-06 16:10:54;-1;-1
09/10/2024;16:36:29;2024;0;Eleição Ordinária;452;2024-10-06 00:00:00;1;619;Eleições Municipais 2024;RR;3018;BOA VISTA;5;330;1481;13;Vereador;13;PT;Partido dos Trabalhadores;2024-10-06 18:44:22;285;219;66;1;Apurada;1;Nominal;13123;OLAVO DA CONSTRUÇÃO CIVIL;1;2232758;809.035.283.995.331.023.;524.781;E90F9AFB;2024-10-03 09:15:00;13 - 330;#NULO#;2024-10-06 07:00:01;2024-10-06 16:01:42;12;2024-10-06 16:04:18;-1;-1
09/10/2024;16:36:29;2024;0;Eleição Ordinária;452;2024-10-06 00:00:00;1;619;Eleições Municipais 2024;RR;3018;BOA VISTA;1;181;2801;13;Vereador;44;UNIÃO;União Brasil;2024-10-06 19:07:08;376;307;69;1;Apurada;1;Nominal;44044;CLEO MELO;2;2019082;374.748.135.371.204.593.;81.470;53F953A8;2024-10-02 09:38:00;13 - 181;768;2024-10-06 07:00:01;2024-10-06 16:04:21;14;2024-10-06 16:06:54;-1;-1
09/10/2024;16:36:29;2024;0;Eleição Ordinária;452;2024-10-06 00:00:00;1;619;Eleições Municipais 2024;RR;3018;BOA VISTA;1;226;2330;13;Vereador;44;UNIÃO;União Brasil;2024-10-06 19:02:50;340;274;66;1;Apurada;1;Nominal;44044;CLEO MELO;3;2020090;081.819.064.770.564.434.;880.895;4A167343;2024-10-02 09:33:00;13 - 226;#NULO#;2024-10-06 07:00:01;2024-10-06 16:01:42;8;2024-10-06 16:03:45;-1;-1
09/10/2024;16:36:29;2024;0;Eleição Ordinária;452;2024-10-06 00:00:00;1;619;Eleições Municipais 2024;RR;3018;BOA VISTA;1;708;3620;13;Vereador;13;PT;Partido dos Trabalhadores;2024-10-06 19:05:49;304;254;50;1;Apurada;1;Nominal;13123;OLAVO DA CONSTRUÇÃO CIVIL;1;2232844;627.273.138.101.008.614.;257.233;604C62AF;2024-10-02 10:13:00;13 - 708;#NULO#;2024-10-06 07:00:01;2024-10-06 16:02:29;14;2024-10-06 16:04:41;-1;-1
09/10/2024;16:36:29;2024;0;Eleição Ordinária;452;2024-10-06 00:00:00;1;619;Eleições Municipais 2024;RR;3069;CANTÁ;5;483;1031;13;Vereador;45;PSDB;Partido da Social Democracia Brasileira;2024-10-06 18:06:51;283;238;45;1;Apurada;1;Nominal;45555;GENO DA OITO;4;2273397;664.021.918.569.566.775.;580.229;E4F33F4B;2024-09-24 08:36:00;13 - 483;#NULO#;2024-10-06 07:00:01;2024-10-06 16:01:12;7;2024-10-06 16:02:47;-1;-1
09/10/2024;16:36:29;2024;0;Eleição Ordinária;452;2024-10-06 00:00:00;1;619;Eleições Municipais 2024;RR;3069;CANTÁ;5;643;1279;13;Vereador;45;PSDB;Partido da Social Democracia Brasileira;2024-10-06 18:05:03;277;246;31;1;Apurada;1;Nominal;45555;GENO DA OITO;3;2255252;057.960.202.433.440.406.;617.186;049BAE11;2024-09-24 08:20:00;13 - 643;#NULO#;2024-10-06 07:05:01;2024-10-06 16:01:34;9;2024-10-06 16:03:38;-1;-1
09/10/2024;16:36:29;2024;0;Eleição Ordinária;452;2024-10-06 00:00:00;1;619;Eleições Municipais 2024;RR;3069;CANTÁ;5;500;1082;13;Vereador;45;PSDB;Partido da Social Democracia Brasileira;2024-10-06 17:37:55;235;197;38;1;Apurada;1;Nominal;45555;GENO DA OITO;6;2260784;249.879.699.527.276.270.;782.420;E4F33F4B;2024-09-24 10:09:00;13 - 500;#NULO#;2024-10-06 07:00:01;2024-10-06 16:04:01;3;2024-10-06 16:06:08;-1;-1
09/10/2024;16:36:29;2024;0;Eleição Ordinária;452;2024-10-06 00:00:00;1;619;Eleições Municipais 2024;RR;3069;CANTÁ;5;531;1279;13;Vereador;45;PSDB;Partido da Social Democracia Brasileira;2024-10-06 18:04:24;283;230;53;1;Apurada;1;Nominal;45555;GENO DA OITO;3;2300501;280.283.051.151.053.572.;292.376;A6EF7030;2024-09-24 09:50:00;13 - 531;#NULO#;2024-10-06 07:04:00;2024-10-06 16:03:21;8;2024-10-06 16:06:24;-1;-1
09/10/2024;16:36:29;2024;0;Eleição Ordinária;452;2024-10-06 00:00:00;1;619;Eleições Municipais 2024;RR;3085;RORAINÓPOLIS;8;32;1112;13;Vereador;22;PL;Partido Liberal;2024-10-06 18:19:17;295;242;53;1;Apurada;1;Nominal;22022;CARLÃO SÃO JOSÉ;2;2276999;652.553.087.161.067.844.;390.600;269C4045;2024-09-24 09:10:00;13 - 32;#NULO#;2024-10-06 07:00:01;2024-10-06 16:04:51;10;2024-10-06 16:07:01;-1;-1
09/10/2024;16:36:29;2024;0;Eleição Ordinária;452;2024-10-06 00:00:00;1;619;Eleições Municipais 2024;RR;3085;RORAINÓPOLIS;8;71;1201;13;Vereador;22;PL;Partido Liberal;2024-10-06 18:29:19;286;249;37;1;Apurada;1;Nominal;22022;CARLÃO SÃO JOSÉ;1;2258006;086.896.682.136.745.519.;880.282;BDE63B20;2024-09-24 08:50:00;13 - 71;#NULO#;2024-10-06 07:06:12;2024-10-06 16:05:10;17;2024-10-06 16:08:07;-1;-1
09/10/2024;16:36:29;2024;0;Eleição Ordinária;452;2024-10-06 00:00:00;1;619;Eleições Municipais 2024;RR;3085;RORAINÓPOLIS;8;33;1112;13;Vereador;22;PL;Partido Liberal;2024-10-06 18:19:16;291;233;58;1;Apurada;1;Nominal;22022;CARLÃO SÃO JOSÉ;1;2258020;450.533.992.641.288.299.;703.908;269C4045;2024-09-24 09:16:00;13 - 33;#NULO#;2024-10-06 07:00:01;2024-10-06 16:02:42;12;2024-10-06 16:03:14;-1;-1
09/10/2024;16:36:29;2024;0;Eleição Ordinária;452;2024-10-06 00:00:00;1;619;Eleições Municipais 2024;RR;3085;RORAINÓPOLIS;8;43;1147;13;Vereador;22;PL;Partido Liberal;2024-10-06 18:46:21;296;259;37;1;Apurada;1;Nominal;22022;CARLÃO SÃO JOSÉ;1;2263035;945.482.559.768.814.690.;576.542;A10E017D;2024-09-24 08:53:00;13 - 43;#NULO#;2024-10-06 07:00:01;2024-10-06 16:00:56;4;2024-10-06 16:01:15;-1;-1
09/10/2024;16:36:29;2024;0;Eleição Ordinária;452;2024-10-06 00:00:00;1;619;Eleições Municipais 2024;RR;3018;BOA VISTA;1;614;3468;13;Vereador;18;REDE;Rede Sustentabilidade;2024-10-06 18:38:20;299;239;60;1;Apurada;1;Nominal;18220;ELETRICISTA CLEBER FOFINHA;1;2226345;102.021.152.857.675.857.;602.929;2E7C29A3;2024-10-02 10:07:00;13 - 614;#NULO#;2024-10-06 07:05:05;2024-10-06 16:01:54;8;2024-10-06 16:03:53;-1;-1
09/10/2024;16:36:29;2024;0;Eleição Ordinária;452;2024-10-06 00:00:00;1;619;Eleições Municipais 2024;RR;3050;ALTO ALEGRE;3;206;1015;13;Vereador;20;PODE;Podemos;2024-10-06 18:04:10;281;231;50;1;Apurada;1;Nominal;20100;PROFESSORA AURICELIA;2;2294107;786.011.621.589.416.585.;990.777;9B37B725;2024-09-23 10:22:00;13 - 206;#NULO#;2024-10-06 07:06:36;2024-10-06 16:00:57;6;2024-10-06 16:02:38;-1;-1
09/10/2024;16:36:29;2024;0;Eleição Ordinária;452;2024-10-06 00:00:00;1;619;Eleições Municipais 2024;RR;3018;BOA VISTA;5;266;1503;13;Vereador;18;REDE;Rede Sustentabilidade;2024-10-06 18:54:59;324;254;70;1;Apurada;1;Nominal;18220;ELETRICISTA CLEBER FOFINHA;1;2021461;687.823.942.074.371.904.;382.305;5B5D05B2;2024-10-03 08:45:00;13 - 266;#NULO#;2024-10-06 07:00:01;2024-10-06 16:03:51;9;2024-10-06 16:05:39;-1;-1
09/10/2024;16:36:29;2024;0;Eleição Ordinária;452;2024-10-06 00:00:00;1;619;Eleições Municipais 2024;RR;3018;BOA VISTA;1;72;1627;13;Vereador;15;MDB;Movimento Democrático Brasileiro;2024-10-06 18:34:40;233;190;43;1;Apurada;1;Nominal;15222;DÉLIO TUPINAMBÁ;1;2020116;950.506.660.778.698.247.;863.147;2A77E17F;2024-10-02 08:47:00;13 - 72;#NULO#;2024-10-06 07:00:01;2024-10-06 16:01:07;13;2024-10-06 16:03:02;-1;-1
09/10/2024;16:36:29;2024;0;Eleição Ordinária;452;2024-10-06 00:00:00;1;619;Eleições Municipais 2024;RR;3093;MUCAJAÍ;6;33;1058;13;Vereador;15;MDB;Movimento Democrático Brasileiro;2024-10-06 19:12:44;292;254;38;1;Apurada;1;Nominal;15180;NATALIA;4;2275485;621.528.167.753.527.921.;634.264;28B64E11;2024-09-23 09:27:00;13 - 33;#NULO#;2024-10-06 07:00:01;2024-10-06 16:01:13;7;2024-10-06 16:05:33;-1;-1
09/10/2024;16:36:29;2024;0;Eleição Ordinária;452;2024-10-06 00:00:00;1;619;Eleições Municipais 2024;RR;3050;ALTO ALEGRE;3;28;1066;13;Vereador;20;PODE;Podemos;2024-10-06 19:04:09;278;256;22;1;Apurada;1;Nominal;20100;PROFESSORA AURICELIA;2;2257695;240.657.266.097.738.025.;912.434;54C8FEC5;2024-09-23 10:20:00;13 - 28;#NULO#;2024-10-06 07:00:01;2024-10-06 16:04:06;2;2024-10-06 16:04:42;-1;-1
09/10/2024;16:36:29;2024;0;Eleição Ordinária;452;2024-10-06 00:00:00;1;619;Eleições Municipais 2024;RR;3018;BOA VISTA;1;90;1848;13;Vereador;15;MDB;Movimento Democrático Brasileiro;2024-10-06 18:58:34;350;273;77;1;Apurada;1;Nominal;15222;DÉLIO TUPINAMBÁ;1;2018894;566.667.194.839.148.227.;484.120;2A77E17F;2024-10-02 10:42:00;13 - 90;#NULO#;2024-10-06 07:00:01;2024-10-06 16:00:30;14;2024-10-06 16:02:21;-1;-1
09/10/2024;16:36:29;2024;0;Eleição Ordinária;452;2024-10-06 00:00:00;1;619;Eleições Municipais 2024;RR;3018;BOA VISTA;1;49;1392;13;Vereador;15;MDB;Movimento Democrático Brasileiro;2024-10-06 18:46:13;277;205;72;1;Apurada;1;Nominal;15222;DÉLIO TUPINAMBÁ;1;2021361;910.102.183.670.166.211.;286.075;295F1241;2024-10-02 09:21:00;13 - 49;#NULO#;2024-10-06 07:00:01;2024-10-06 16:01:52;16;2024-10-06 16:03:18;-1;-1
09/10/2024;16:36:29;2024;0;Eleição Ordinária;452;2024-10-06 00:00:00;1;619;Eleições Municipais 2024;RR;3093;MUCAJAÍ;6;69;1058;13;Vereador;15;MDB;Movimento Democrático Brasileiro;2024-10-06 19:12:45;313;264;49;1;Apurada;1;Nominal;15180;NATALIA;6;2260778;389.104.793.485.964.262.;46.208;8D663779;2024-09-23 08:24:00;13 - 69;101;2024-10-06 07:00:01;2024-10-06 16:02:11;6;2024-10-06 16:04:02;-1;-1
09/10/2024;16:36:29;2024;0;Eleição Ordinária;452;2024-10-06 00:00:00;1;619;Eleições Municipais 2024;RR;3042;AMAJARI;7;82;1023;13;Vereador;12;PDT;Partido Democrático Trabalhista;2024-10-06 18:01:52;268;231;37;1;Apurada;1;Nominal;12456;RITA DE CÁSSIA;5;2279738;998.876.774.394.467.116.;15.464;0B5F2C28;2024-09-23 10:11:00;13 - 82;#NULO#;2024-10-06 07:00:01;2024-10-06 16:04:41;5;2024-10-06 16:06:52;-1;-1
09/10/2024;16:36:29;2024;0;Eleição Ordinária;452;2024-10-06 00:00:00;1;619;Eleições Municipais 2024;RR;3042;AMAJARI;7;82;1023;13;Vereador;23;CIDADANIA;Cidadania;2024-10-06 18:01:52;268;231;37;1;Apurada;1;Nominal;23777;MISSIONÁRIA DÉBORA;6;2279738;998.876.774.394.467.116.;15.464;0B5F2C28;2024-09-23 10:11:00;13 - 82;#NULO#;2024-10-06 07:00:01;2024-10-06 16:04:41;5;2024-10-06 16:06:52;-1;-1
09/10/2024;16:36:29;2024;0;Eleição Ordinária;452;2024-10-06 00:00:00;1;619;Eleições Municipais 2024;RR;3050;ALTO ALEGRE;3;20;1031;13;Vereador;20;PODE;Podemos;2024-10-06 18:12:05;288;248;40;1;Apurada;1;Nominal;20100;PROFESSORA AURICELIA;2;2282050;341.667.482.707.848.231.;671.644;54C8FEC5;2024-09-23 09:30:00;13 - 20;#NULO#;2024-10-06 07:00:01;2024-10-06 16:01:31;3;2024-10-06 16:03:45;-1;-1
09/10/2024;16:36:29;2024;0;Eleição Ordinária;452;2024-10-06 00:00:00;1;619;Eleições Municipais 2024;RR;3093;MUCAJAÍ;6;27;1260;13;Vereador;15;MDB;Movimento Democrático Brasileiro;2024-10-06 19:20:53;220;189;31;1;Apurada;1;Nominal;15180;NATALIA;6;2260087;661.932.571.557.260.969.;48.883;28B64E11;2024-09-23 08:33:00;13 - 27;#NULO#;2024-10-06 07:00:01;2024-10-06 16:03:08;19;2024-10-06 16:08:19;-1;-1
09/10/2024;16:36:29;2024;0;Eleição Ordinária;452;2024-10-06 00:00:00;1;619;Eleições Municipais 2024;RR;3018;BOA VISTA;1;416;2305;13;Vereador;15;MDB;Movimento Democrático Brasileiro;2024-10-06 18:44:13;320;267;53;1;Apurada;1;Nominal;15222;DÉLIO TUPINAMBÁ;1;2018907;879.798.961.407.586.562.;793.258;1F2CE3E3;2024-10-02 09:45:00;13 - 416;#NULO#;2024-10-06 07:00:01;2024-10-06 16:02:25;8;2024-10-06 16:04:31;-1;-1
09/10/2024;16:36:29;2024;0;Eleição Ordinária;452;2024-10-06 00:00:00;1;619;Eleições Municipais 2024;RR;3018;BOA VISTA;5;649;1945;13;Vereador;15;MDB;Movimento Democrático Brasileiro;2024-10-06 18:39:21;300;235;65;1;Apurada;1;Nominal;15222;DÉLIO TUPINAMBÁ;1;2232731;869.641.676.028.711.057.;33.100;A67A7963;2024-10-03 08:56:00;13 - 649;#NULO#;2024-10-06 07:01:32;2024-10-06 16:10:54;4;2024-10-06 16:13:17;-1;-1
09/10/2024;16:36:29;2024;0;Eleição Ordinária;452;2024-10-06 00:00:00;1;619;Eleições Municipais 2024;RR;3093;MUCAJAÍ;6;84;1236;13;Vereador;15;MDB;Movimento Democrático Brasileiro;2024-10-06 18:39:30;268;215;53;1;Apurada;1;Nominal;15180;NATALIA;7;2285848;106.376.104.757.325.139.;156.956;8D663779;2024-09-23 09:49:00;13 - 84;#NULO#;2024-10-06 07:00:01;2024-10-06 16:04:45;12;2024-10-06 16:07:31;-1;-1
09/10/2024;16:36:29;2024;0;Eleição Ordinária;452;2024-10-06 00:00:00;1;619;Eleições Municipais 2024;RR;3018;BOA VISTA;1;222;2291;13;Vereador;15;MDB;Movimento Democrático Brasileiro;2024-10-06 18:18:46;290;233;57;1;Apurada;1;Nominal;15222;DÉLIO TUPINAMBÁ;2;2021233;930.304.471.655.118.985.;917.330;4A167343;2024-10-02 09:20:00;13 - 222;#NULO#;2024-10-06 07:00:01;2024-10-06 16:01:25;4;2024-10-06 16:02:57;-1;-1
09/10/2024;16:36:29;2024;0;Eleição Ordinária;452;2024-10-06 00:00:00;1;619;Eleições Municipais 2024;RR;3042;AMAJARI;7;67;1023;13;Vereador;12;PDT;Partido Democrático Trabalhista;2024-10-06 18:00:10;263;232;31;1;Apurada;1;Nominal;12456;RITA DE CÁSSIA;2;2251188;988.775.176.193.080.978.;606.260;0B5F2C28;2024-09-23 09:56:00;13 - 67;#NULO#;2024-10-06 07:00:01;2024-10-06 16:02:08;5;2024-10-06 16:04:36;-1;-1
09/10/2024;16:36:29;2024;0;Eleição Ordinária;452;2024-10-06 00:00:00;1;619;Eleições Municipais 2024;RR;3042;AMAJARI;7;67;1023;13;Vereador;23;CIDADANIA;Cidadania;2024-10-06 18:00:10;263;232;31;1;Apurada;1;Nominal;23777;MISSIONÁRIA DÉBORA;2;2251188;988.775.176.193.080.978.;606.260;0B5F2C28;2024-09-23 09:56:00;13 - 67;#NULO#;2024-10-06 07:00:01;2024-10-06 16:02:08;5;2024-10-06 16:04:36;-1;-1
09/10/2024;16:36:29;2024;0;Eleição Ordinária;452;2024-10-06 00:00:00;1;619;Eleições Municipais 2024;RR;3018;BOA VISTA;5;361;2062;13;Vereador;15;MDB;Movimento Democrático Brasileiro;2024-10-06 18:26:11;326;270;56;1;Apurada;1;Nominal;15222;DÉLIO TUPINAMBÁ;1;2020346;849.439.644.332.349.537.;109.311;CD344EFF;2024-10-03 09:32:00;13 - 361;#NULO#;2024-10-06 07:00:01;2024-10-06 16:04:55;7;2024-10-06 16:08:01;-1;-1
09/10/2024;16:36:29;2024;0;Eleição Ordinária;452;2024-10-06 00:00:00;1;619;Eleições Municipais 2024;RR;3093;MUCAJAÍ;6;23;1015;13;Vereador;15;MDB;Movimento Democrático Brasileiro;2024-10-06 18:55:19;280;254;26;1;Apurada;1;Nominal;15180;NATALIA;8;2259611;076.073.543.798.375.378.;223.127;28B64E11;2024-09-23 08:20:00;13 - 23;57;2024-10-06 07:00:01;2024-10-06 16:03:27;15;2024-10-06 16:06:11;-1;-1
09/10/2024;16:36:29;2024;0;Eleição Ordinária;452;2024-10-06 00:00:00;1;619;Eleições Municipais 2024;RR;3018;BOA VISTA;1;580;3417;13;Vereador;15;MDB;Movimento Democrático Brasileiro;2024-10-06 18:44:25;315;245;70;1;Apurada;1;Nominal;15222;DÉLIO TUPINAMBÁ;1;2021211;223.233.230.573.758.444.;772.484;7,01E+197;2024-10-02 09:25:00;13 - 580;#NULO#;2024-10-06 07:00:01;2024-10-06 16:04:08;10;2024-10-06 16:06:13;-1;-1
09/10/2024;16:36:29;2024;0;Eleição Ordinária;452;2024-10-06 00:00:00;1;619;Eleições Municipais 2024;RR;3018;BOA VISTA;5;11;1040;13;Vereador;12;PDT;Partido Democrático Trabalhista;2024-10-06 18:36:31;317;260;57;1;Apurada;1;Nominal;12122;JOÃO RIZZO;8;2020263;586.813.760.560.641.668.;354.435;41D1D925;2024-10-03 08:59:00;13 - 11;#NULO#;2024-10-06 07:00:01;2024-10-06 16:01:39;13;2024-10-06 16:03:52;-1;-1
09/10/2024;16:36:29;2024;0;Eleição Ordinária;452;2024-10-06 00:00:00;1;619;Eleições Municipais 2024;RR;3018;BOA VISTA;5;212;1538;13;Vereador;12;PDT;Partido Democrático Trabalhista;2024-10-06 18:32:31;295;237;58;1;Apurada;1;Nominal;12122;JOÃO RIZZO;1;2226343;627.217.096.221.769.362.;262.390;ABDAB1D0;2024-10-03 08:11:00;13 - 212;#NULO#;2024-10-06 07:00:01;2024-10-06 16:01:52;11;2024-10-06 16:04:29;-1;-1
09/10/2024;16:36:29;2024;0;Eleição Ordinária;452;2024-10-06 00:00:00;1;619;Eleições Municipais 2024;RR;3018;BOA VISTA;5;212;1538;13;Vereador;20;PODE;Podemos;2024-10-06 18:32:31;295;237;58;1;Apurada;1;Nominal;20278;VANIA PRATES;1;2226343;627.217.096.221.769.362.;262.390;ABDAB1D0;2024-10-03 08:11:00;13 - 212;#NULO#;2024-10-06 07:00:01;2024-10-06 16:01:52;11;2024-10-06 16:04:29;-1;-1
09/10/2024;16:36:29;2024;0;Eleição Ordinária;452;2024-10-06 00:00:00;1;619;Eleições Municipais 2024;RR;3018;BOA VISTA;5;212;1538;13;Vereador;30;NOVO;Partido Novo;2024-10-06 18:32:31;295;237;58;1;Apurada;1;Nominal;30456;SULIELMA BARROS;1;2226343;627.217.096.221.769.362.;262.390;ABDAB1D0;2024-10-03 08:11:00;13 - 212;#NULO#;2024-10-06 07:00:01;2024-10-06 16:01:52;11;2024-10-06 16:04:29;-1;-1
09/10/2024;16:36:29;2024;0;Eleição Ordinária;452;2024-10-06 00:00:00;1;619;Eleições Municipais 2024;RR;3018;BOA VISTA;5;15;1457;13;Vereador;12;PDT;Partido Democrático Trabalhista;2024-10-06 18:21:31;326;256;70;1;Apurada;1;Nominal;12122;JOÃO RIZZO;1;2021450;253.580.875.727.738.618.;71.885;41D1D925;2024-10-03 09:23:00;13 - 15;#NULO#;2024-10-06 07:00:00;2024-10-06 16:02:31;13;2024-10-06 16:05:48;-1;-1
09/10/2024;16:36:29;2024;0;Eleição Ordinária;452;2024-10-06 00:00:00;1;619;Eleições Municipais 2024;RR;3018;BOA VISTA;1;665;3549;13;Vereador;27;DC;Democracia Cristã;2024-10-06 18:24:48;282;236;46;1;Apurada;1;Nominal;27027;ELANE FLORENCIO;1;2232742;162.627.671.007.655.604.;222.949;F69E14AC;2024-10-02 10:32:00;13 - 665;#NULO#;2024-10-06 07:00:01;2024-10-06 16:07:30;4;2024-10-06 16:10:16;-1;-1
09/10/2024;16:36:29;2024;0;Eleição Ordinária;452;2024-10-06 00:00:00;1;619;Eleições Municipais 2024;RR;3018;BOA VISTA;1;665;3549;13;Vereador;30;NOVO;Partido Novo;2024-10-06 18:24:48;282;236;46;1;Apurada;1;Nominal;30456;SULIELMA BARROS;1;2232742;162.627.671.007.655.604.;222.949;F69E14AC;2024-10-02 10:32:00;13 - 665;#NULO#;2024-10-06 07:00:01;2024-10-06 16:07:30;4;2024-10-06 16:10:16;-1;-1
09/10/2024;16:36:29;2024;0;Eleição Ordinária;452;2024-10-06 00:00:00;1;619;Eleições Municipais 2024;RR;3018;BOA VISTA;5;309;1635;13;Vereador;12;PDT;Partido Democrático Trabalhista;2024-10-06 18:48:58;314;252;62;1;Apurada;1;Nominal;12122;JOÃO RIZZO;5;2226131;081.863.346.551.354.102.;980.665;6251C362;2024-10-03 09:20:00;13 - 309;#NULO#;2024-10-06 07:00:01;2024-10-06 16:04:20;10;2024-10-06 16:06:55;-1;-1
09/10/2024;16:36:29;2024;0;Eleição Ordinária;452;2024-10-06 00:00:00;1;619;Eleições Municipais 2024;RR;3018;BOA VISTA;5;309;1635;13;Vereador;22;PL;Partido Liberal;2024-10-06 18:48:58;314;252;62;1;Apurada;1;Nominal;22122;LEÃO BRANCO;1;2226131;081.863.346.551.354.102.;980.665;6251C362;2024-10-03 09:20:00;13 - 309;#NULO#;2024-10-06 07:00:01;2024-10-06 16:04:20;10;2024-10-06 16:06:55;-1;-1
09/10/2024;16:36:29;2024;0;Eleição Ordinária;452;2024-10-06 00:00:00;1;619;Eleições Municipais 2024;RR;3018;BOA VISTA;5;309;1635;13;Vereador;30;NOVO;Partido Novo;2024-10-06 18:48:58;314;252;62;1;Apurada;1;Nominal;30456;SULIELMA BARROS;1;2226131;081.863.346.551.354.102.;980.665;6251C362;2024-10-03 09:20:00;13 - 309;#NULO#;2024-10-06 07:00:01;2024-10-06 16:04:20;10;2024-10-06 16:06:55;-1;-1
09/10/2024;16:36:29;2024;0;Eleição Ordinária;452;2024-10-06 00:00:00;1;619;Eleições Municipais 2024;RR;3018;BOA VISTA;5;12;1597;13;Vereador;12;PDT;Partido Democrático Trabalhista;2024-10-06 17:54:08;291;234;57;1;Apurada;1;Nominal;12122;JOÃO RIZZO;3;2229999;677.722.964.569.974.475.;863.404;41D1D925;2024-10-03 09:03:00;13 - 12;#NULO#;2024-10-06 07:00:01;2024-10-06 16:02:18;9;2024-10-06 16:02:28;-1;-1
09/10/2024;16:36:29;2024;0;Eleição Ordinária;452;2024-10-06 00:00:00;1;619;Eleições Municipais 2024;RR;3018;BOA VISTA;1;559;3220;13;Vereador;15;MDB;Movimento Democrático Brasileiro;2024-10-06 18:47:50;326;245;81;1;Apurada;1;Nominal;15222;DÉLIO TUPINAMBÁ;1;2019670;162.627.954.575.389.349.;103.873;A79C70A2;2024-10-02 10:02:00;13 - 559;#NULO#;2024-10-06 07:00:01;2024-10-06 16:02:25;6;2024-10-06 16:04:11;-1;-1
09/10/2024;16:36:29;2024;0;Eleição Ordinária;452;2024-10-06 00:00:00;1;619;Eleições Municipais 2024;RR;3018;BOA VISTA;1;673;3557;13;Vereador;18;REDE;Rede Sustentabilidade;2024-10-06 18:47:49;321;258;63;1;Apurada;1;Nominal;18220;ELETRICISTA CLEBER FOFINHA;1;2019287;788.889.145.375.155.022.;248.253;64568699;2024-10-02 09:14:00;13 - 673;#NULO#;2024-10-06 07:00:01;2024-10-06 16:00:49;5;2024-10-06 16:02:44;-1;-1
09/10/2024;16:36:29;2024;0;Eleição Ordinária;452;2024-10-06 00:00:00;1;619;Eleições Municipais 2024;RR;3069;CANTÁ;5;493;1058;13;Vereador;45;PSDB;Partido da Social Democracia Brasileira;2024-10-06 17:23:30;289;251;38;1;Apurada;1;Nominal;45321;ELIZÂNGELA DA PESCA;6;2259727;371.192.693.940.104.609.;7.709;E4F33F4B;2024-09-24 09:32:00;13 - 493;#NULO#;2024-10-06 07:00:01;2024-10-06 16:11:00;11;2024-10-06 16:13:09;-1;-1
09/10/2024;16:36:29;2024;0;Eleição Ordinária;452;2024-10-06 00:00:00;1;619;Eleições Municipais 2024;RR;3018;BOA VISTA;5;170;1589;13;Vereador;12;PDT;Partido Democrático Trabalhista;2024-10-06 18:11:28;336;280;56;1;Apurada;1;Nominal;12122;JOÃO RIZZO;1;2232872;526.207.108.615.875.575.;840.330;403557CD;2024-10-03 08:14:00;13 - 170;#NULO#;2024-10-06 07:00:01;2024-10-06 16:02:03;10;2024-10-06 16:04:02;-1;-1
09/10/2024;16:36:29;2024;0;Eleição Ordinária;452;2024-10-06 00:00:00;1;619;Eleições Municipais 2024;RR;3018;BOA VISTA;1;531;1279;13;Vereador;27;DC;Democracia Cristã;2024-10-06 18:41:05;302;217;85;1;Apurada;1;Nominal;27027;ELANE FLORENCIO;2;2232484;081.819.854.374.251.593.;336.063;015A39CA;2024-10-02 10:10:00;13 - 531;#NULO#;2024-10-06 07:00:01;2024-10-06 16:01:38;4;2024-10-06 16:04:31;-1;-1
09/10/2024;16:36:29;2024;0;Eleição Ordinária;452;2024-10-06 00:00:00;1;619;Eleições Municipais 2024;RR;3018;BOA VISTA;1;745;3719;13;Vereador;12;PDT;Partido Democrático Trabalhista;2024-10-06 18:12:21;324;264;60;1;Apurada;1;Nominal;12122;JOÃO RIZZO;1;2019194;152.526.616.738.125.590.;520.835;A3FFF2CF;2024-10-02 08:59:00;13 - 745;#NULO#;2024-10-06 07:00:01;2024-10-06 16:00:45;14;2024-10-06 16:02:42;-1;-1
09/10/2024;16:36:29;2024;0;Eleição Ordinária;452;2024-10-06 00:00:00;1;619;Eleições Municipais 2024;RR;3018;BOA VISTA;1;714;3646;13;Vereador;12;PDT;Partido Democrático Trabalhista;2024-10-06 18:45:04;320;276;44;1;Apurada;1;Nominal;12122;JOÃO RIZZO;3;2229210;869.697.004.625.393.084.;897.320;604C62AF;2024-10-02 10:50:00;13 - 714;#NULO#;2024-10-06 07:00:01;2024-10-06 16:01:26;12;2024-10-06 16:04:00;-1;-1
09/10/2024;16:36:29;2024;0;Eleição Ordinária;452;2024-10-06 00:00:00;1;619;Eleições Municipais 2024;RR;3018;BOA VISTA;1;571;3409;13;Vereador;12;PDT;Partido Democrático Trabalhista;2024-10-06 18:43:35;327;286;41;1;Apurada;1;Nominal;12122;JOÃO RIZZO;1;2021287;889.899.930.247.420.567.;456.560;A79C70A2;2024-10-02 10:24:00;13 - 571;#NULO#;2024-10-06 07:00:01;2024-10-06 16:01:47;8;2024-10-06 16:04:37;-1;-1
09/10/2024;16:36:29;2024;0;Eleição Ordinária;452;2024-10-06 00:00:00;1;619;Eleições Municipais 2024;RR;3018;BOA VISTA;1;467;2305;13;Vereador;15;MDB;Movimento Democrático Brasileiro;2024-10-06 18:44:16;318;259;59;1;Apurada;1;Nominal;15222;DÉLIO TUPINAMBÁ;1;2018958;051.516.609.625.783.890.;159.576;1F2CE3E3;2024-10-02 10:18:00;13 - 467;#NULO#;2024-10-06 07:00:01;2024-10-06 16:01:07;9;2024-10-06 16:03:13;-1;-1
09/10/2024;16:36:29;2024;0;Eleição Ordinária;452;2024-10-06 00:00:00;1;619;Eleições Municipais 2024;RR;3018;BOA VISTA;1;762;3735;13;Vereador;12;PDT;Partido Democrático Trabalhista;2024-10-06 18:26:37;323;275;48;1;Apurada;1;Nominal;12122;JOÃO RIZZO;1;2021298;748.485.010.897.144.476.;703.384;A3FFF2CF;2024-10-02 10:22:00;13 - 762;#NULO#;2024-10-06 07:00:01;2024-10-06 16:03:14;6;2024-10-06 16:04:52;-1;-1
09/10/2024;16:36:29;2024;0;Eleição Ordinária;452;2024-10-06 00:00:00;1;619;Eleições Municipais 2024;RR;3018;BOA VISTA;1;762;3735;13;Vereador;27;DC;Democracia Cristã;2024-10-06 18:26:37;323;275;48;1;Apurada;1;Nominal;27027;ELANE FLORENCIO;2;2021298;748.485.010.897.144.476.;703.384;A3FFF2CF;2024-10-02 10:22:00;13 - 762;#NULO#;2024-10-06 07:00:01;2024-10-06 16:03:14;6;2024-10-06 16:04:52;-1;-1
09/10/2024;16:36:29;2024;0;Eleição Ordinária;452;2024-10-06 00:00:00;1;619;Eleições Municipais 2024;RR;3018;BOA VISTA;1;762;3735;13;Vereador;30;NOVO;Partido Novo;2024-10-06 18:26:37;323;275;48;1;Apurada;1;Nominal;30456;SULIELMA BARROS;2;2021298;748.485.010.897.144.476.;703.384;A3FFF2CF;2024-10-02 10:22:00;13 - 762;#NULO#;2024-10-06 07:00:01;2024-10-06 16:03:14;6;2024-10-06 16:04:52;-1;-1
09/10/2024;16:36:29;2024;0;Eleição Ordinária;452;2024-10-06 00:00:00;1;619;Eleições Municipais 2024;RR;3018;BOA VISTA;1;93;1732;13;Vereador;12;PDT;Partido Democrático Trabalhista;2024-10-06 18:32:18;236;174;62;1;Apurada;1;Nominal;12122;JOÃO RIZZO;2;2232648;839.394.792.466.232.443.;781.313;2A77E17F;2024-10-02 11:03:00;13 - 93;#NULO#;2024-10-06 07:00:01;2024-10-06 16:03:38;6;2024-10-06 16:05:19;-1;-1
09/10/2024;16:36:29;2024;0;Eleição Ordinária;452;2024-10-06 00:00:00;1;619;Eleições Municipais 2024;RR;3018;BOA VISTA;1;93;1732;13;Vereador;27;DC;Democracia Cristã;2024-10-06 18:32:18;236;174;62;1;Apurada;1;Nominal;27027;ELANE FLORENCIO;1;2232648;839.394.792.466.232.443.;781.313;2A77E17F;2024-10-02 11:03:00;13 - 93;#NULO#;2024-10-06 07:00:01;2024-10-06 16:03:38;6;2024-10-06 16:05:19;-1;-1
09/10/2024;16:36:29;2024;0;Eleição Ordinária;452;2024-10-06 00:00:00;1;619;Eleições Municipais 2024;RR;3069;CANTÁ;5;494;1058;13;Vereador;45;PSDB;Partido da Social Democracia Brasileira;2024-10-06 17:25:36;279;250;29;1;Apurada;1;Nominal;45321;ELIZÂNGELA DA PESCA;4;2257553;148.869.578.117.150.458.;345.502;E4F33F4B;2024-09-24 09:36:00;13 - 494;#NULO#;2024-10-06 07:08:25;2024-10-06 16:01:53;4;2024-10-06 16:04:51;-1;-1
09/10/2024;16:36:29;2024;0;Eleição Ordinária;452;2024-10-06 00:00:00;1;619;Eleições Municipais 2024;RR;3018;BOA VISTA;5;250;1589;13;Vereador;30;NOVO;Partido Novo;2024-10-06 18:11:43;340;276;64;1;Apurada;1;Nominal;30456;SULIELMA BARROS;2;2232616;576.712.104.763.206.587.;456.377;5B5D05B2;2024-10-03 08:18:00;13 - 250;#NULO#;2024-10-06 07:00:01;2024-10-06 16:01:39;8;2024-10-06 16:03:14;-1;-1
09/10/2024;16:36:29;2024;0;Eleição Ordinária;452;2024-10-06 00:00:00;1;619;Eleições Municipais 2024;RR;3018;BOA VISTA;1;647;3522;13;Vereador;27;DC;Democracia Cristã;2024-10-06 18:07:06;301;246;55;1;Apurada;1;Nominal;27027;ELANE FLORENCIO;1;2227834;314.142.907.398.380.593.;801.854;9C91665F;2024-10-02 10:49:00;13 - 647;#NULO#;2024-10-06 07:00:01;2024-10-06 16:01:56;10;2024-10-06 16:05:20;-1;-1
09/10/2024;16:36:29;2024;0;Eleição Ordinária;452;2024-10-06 00:00:00;1;619;Eleições Municipais 2024;RR;3018;BOA VISTA;1;647;3522;13;Vereador;30;NOVO;Partido Novo;2024-10-06 18:07:06;301;246;55;1;Apurada;1;Nominal;30456;SULIELMA BARROS;1;2227834;314.142.907.398.380.593.;801.854;9C91665F;2024-10-02 10:49:00;13 - 647;#NULO#;2024-10-06 07:00:01;2024-10-06 16:01:56;10;2024-10-06 16:05:20;-1;-1
09/10/2024;16:36:29;2024;0;Eleição Ordinária;452;2024-10-06 00:00:00;1;619;Eleições Municipais 2024;RR;3018;BOA VISTA;5;641;2283;13;Vereador;12;PDT;Partido Democrático Trabalhista;2024-10-06 18:40:55;296;227;69;1;Apurada;1;Nominal;12122;JOÃO RIZZO;2;2232542;293.984.220.971.615.574.;409.586;A67A7963;2024-10-03 08:31:00;13 - 641;#NULO#;2024-10-06 07:00:01;2024-10-06 16:03:49;2;2024-10-06 16:05:46;-1;-1
09/10/2024;16:36:29;2024;0;Eleição Ordinária;452;2024-10-06 00:00:00;1;619;Eleições Municipais 2024;RR;3018;BOA VISTA;5;632;2240;13;Vereador;12;PDT;Partido Democrático Trabalhista;2024-10-06 18:57:48;331;256;75;1;Apurada;1;Nominal;12122;JOÃO RIZZO;3;2020172;900.045.873.232.536.834.;414.840;A67A7963;2024-10-03 08:18:00;13 - 632;#NULO#;2024-10-06 07:00:01;2024-10-06 16:03:18;6;2024-10-06 16:05:59;-1;-1
09/10/2024;16:36:29;2024;0;Eleição Ordinária;452;2024-10-06 00:00:00;1;619;Eleições Municipais 2024;RR;3018;BOA VISTA;5;632;2240;13;Vereador;27;DC;Democracia Cristã;2024-10-06 18:57:48;331;256;75;1;Apurada;1;Nominal;27027;ELANE FLORENCIO;1;2020172;900.045.873.232.536.834.;414.840;A67A7963;2024-10-03 08:18:00;13 - 632;#NULO#;2024-10-06 07:00:01;2024-10-06 16:03:18;6;2024-10-06 16:05:59;-1;-1
09/10/2024;16:36:29;2024;0;Eleição Ordinária;452;2024-10-06 00:00:00;1;619;Eleições Municipais 2024;RR;3018;BOA VISTA;5;632;2240;13;Vereador;30;NOVO;Partido Novo;2024-10-06 18:57:48;331;256;75;1;Apurada;1;Nominal;30456;SULIELMA BARROS;1;2020172;900.045.873.232.536.834.;414.840;A67A7963;2024-10-03 08:18:00;13 - 632;#NULO#;2024-10-06 07:00:01;2024-10-06 16:03:18;6;2024-10-06 16:05:59;-1;-1
09/10/2024;16:36:29;2024;0;Eleição Ordinária;452;2024-10-06 00:00:00;1;619;Eleições Municipais 2024;RR;3018;BOA VISTA;5;618;2240;13;Vereador;12;PDT;Partido Democrático Trabalhista;2024-10-06 18:57:17;327;257;70;1;Apurada;1;Nominal;12122;JOÃO RIZZO;1;2021033;758.530.248.417.818.825.;907.917;D0DA6D41;2024-10-03 08:59:00;13 - 618;#NULO#;2024-10-06 07:00:01;2024-10-06 16:02:54;17;2024-10-06 16:03:32;-1;-1
09/10/2024;16:36:29;2024;0;Eleição Ordinária;452;2024-10-06 00:00:00;1;619;Eleições Municipais 2024;RR;3018;BOA VISTA;1;23;1171;13;Vereador;12;PDT;Partido Democrático Trabalhista;2024-10-06 18:53:07;304;242;62;1;Apurada;1;Nominal;12122;JOÃO RIZZO;1;2232715;990.910.468.772.388.256.;606.802;F98FE8D9;2024-10-02 09:23:00;13 - 23;#NULO#;2024-10-06 07:00:01;2024-10-06 16:02:52;14;2024-10-06 16:05:31;-1;-1
09/10/2024;16:36:29;2024;0;Eleição Ordinária;452;2024-10-06 00:00:00;1;619;Eleições Municipais 2024;RR;3018;BOA VISTA;1;252;3123;13;Vereador;27;DC;Democracia Cristã;2024-10-06 18:58:10;328;256;72;1;Apurada;1;Nominal;27027;ELANE FLORENCIO;2;2020556;021.213.778.664.441.008.;57.749;4A167343;2024-10-02 10:31:00;13 - 252;496;2024-10-06 07:00:01;2024-10-06 16:00:49;13;2024-10-06 16:03:16;-1;-1
09/10/2024;16:36:29;2024;0;Eleição Ordinária;452;2024-10-06 00:00:00;1;619;Eleições Municipais 2024;RR;3018;BOA VISTA;1;252;3123;13;Vereador;30;NOVO;Partido Novo;2024-10-06 18:58:10;328;256;72;1;Apurada;1;Nominal;30456;SULIELMA BARROS;1;2020556;021.213.778.664.441.008.;57.749;4A167343;2024-10-02 10:31:00;13 - 252;496;2024-10-06 07:00:01;2024-10-06 16:00:49;13;2024-10-06 16:03:16;-1;-1
09/10/2024;16:36:29;2024;0;Eleição Ordinária;452;2024-10-06 00:00:00;1;619;Eleições Municipais 2024;RR;3018;BOA VISTA;1;296;1619;13;Vereador;27;DC;Democracia Cristã;2024-10-06 18:57:57;297;227;70;1;Apurada;1;Nominal;27027;ELANE FLORENCIO;1;2020462;910.102.384.331.098.240.;892.846;1455F71C;2024-10-02 09:20:00;13 - 296;521;2024-10-06 07:00:01;2024-10-06 16:01:49;7;2024-10-06 16:05:27;-1;-1
09/10/2024;16:36:29;2024;0;Eleição Ordinária;452;2024-10-06 00:00:00;1;619;Eleições Municipais 2024;RR;3018;BOA VISTA;1;50;1392;13;Vereador;15;MDB;Movimento Democrático Brasileiro;2024-10-06 18:45:43;275;211;64;1;Apurada;1;Nominal;15222;DÉLIO TUPINAMBÁ;1;2020469;081.819.432.387.545.495.;726.083;295F1241;2024-10-02 09:24:00;13 - 50;#NULO#;2024-10-06 07:00:01;2024-10-06 16:01:14;11;2024-10-06 16:03:10;-1;-1
09/10/2024;16:36:29;2024;0;Eleição Ordinária;452;2024-10-06 00:00:00;1;619;Eleições Municipais 2024;RR;3018;BOA VISTA;1;179;1163;13;Vereador;27;DC;Democracia Cristã;2024-10-06 18:43:34;288;226;62;1;Apurada;1;Nominal;27027;ELANE FLORENCIO;1;2232870;637.374.207.997.430.201.;895.150;53F953A8;2024-10-05 08:44:00;13 - 179;#NULO#;2024-10-06 07:00:01;2024-10-06 16:00:38;15;2024-10-06 16:02:33;-1;-1
09/10/2024;16:36:29;2024;0;Eleição Ordinária;452;2024-10-06 00:00:00;1;619;Eleições Municipais 2024;RR;3018;BOA VISTA;5;235;1490;13;Vereador;12;PDT;Partido Democrático Trabalhista;2024-10-06 19:05:47;305;253;52;1;Apurada;1;Nominal;12122;JOÃO RIZZO;4;2018859;970.752.919.056.430.396.;11.967;ABDAB1D0;2024-10-03 09:14:00;13 - 235;#NULO#;2024-10-06 07:02:26;2024-10-06 16:03:16;5;2024-10-06 16:05:28;-1;-1
09/10/2024;16:36:29;2024;0;Eleição Ordinária;452;2024-10-06 00:00:00;1;619;Eleições Municipais 2024;RR;3093;MUCAJAÍ;6;56;1147;13;Vereador;10;REPUBLICANOS;REPUBLICANOS;2024-10-06 18:47:40;228;209;19;1;Apurada;1;Nominal;10222;LIDIANE;1;2259865;328.598.336.784.124.084.;610.302;2CADAEB0;2024-09-23 09:43:00;13 - 56;#NULO#;2024-10-06 07:00:01;2024-10-06 16:01:23;17;2024-10-06 16:37:35;-1;-1
09/10/2024;16:36:29;2024;0;Eleição Ordinária;452;2024-10-06 00:00:00;1;619;Eleições Municipais 2024;RR;3018;BOA VISTA;1;475;1392;13;Vereador;27;DC;Democracia Cristã;2024-10-06 18:45:53;272;227;45;1;Apurada;1;Nominal;27027;ELANE FLORENCIO;1;2020121;364.647.761.456.110.684.;580.907;1F2CE3E3;2024-10-02 10:27:00;13 - 475;#NULO#;2024-10-06 07:00:01;2024-10-06 16:02:22;3;2024-10-06 16:04:44;-1;-1
09/10/2024;16:36:29;2024;0;Eleição Ordinária;452;2024-10-06 00:00:00;1;619;Eleições Municipais 2024;RR;3018;BOA VISTA;1;659;3530;13;Vereador;12;PDT;Partido Democrático Trabalhista;2024-10-06 18:28:27;251;200;51;1;Apurada;1;Nominal;12122;JOÃO RIZZO;3;2232640;122.223.008.103.064.504.;613.478;F69E14AC;2024-10-05 08:46:00;13 - 659;#NULO#;2024-10-06 07:00:01;2024-10-06 16:05:56;15;2024-10-06 16:08:10;-1;-1
09/10/2024;16:36:29;2024;0;Eleição Ordinária;452;2024-10-06 00:00:00;1;619;Eleições Municipais 2024;RR;3018;BOA VISTA;1;659;3530;13;Vereador;27;DC;Democracia Cristã;2024-10-06 18:28:27;251;200;51;1;Apurada;1;Nominal;27027;ELANE FLORENCIO;1;2232640;122.223.008.103.064.504.;613.478;F69E14AC;2024-10-05 08:46:00;13 - 659;#NULO#;2024-10-06 07:00:01;2024-10-06 16:05:56;15;2024-10-06 16:08:10;-1;-1
09/10/2024;16:36:29;2024;0;Eleição Ordinária;452;2024-10-06 00:00:00;1;619;Eleições Municipais 2024;RR;3018;BOA VISTA;1;707;3620;13;Vereador;15;MDB;Movimento Democrático Brasileiro;2024-10-06 19:18:59;312;254;58;1;Apurada;1;Nominal;15222;DÉLIO TUPINAMBÁ;1;2018769;596.970.995.698.098.495.;516.491;604C62AF;2024-10-02 10:06:00;13 - 707;#NULO#;2024-10-06 07:00:01;2024-10-06 16:08:21;3;2024-10-06 16:10:18;-1;-1
09/10/2024;16:36:29;2024;0;Eleição Ordinária;452;2024-10-06 00:00:00;1;619;Eleições Municipais 2024;RR;3018;BOA VISTA;5;258;1473;13;Vereador;12;PDT;Partido Democrático Trabalhista;2024-10-06 18:42:30;318;255;63;1;Apurada;1;Nominal;12122;JOÃO RIZZO;3;2232654;889.843.290.494.200.028.;398.597;5B5D05B2;2024-10-03 08:31:00;13 - 258;#NULO#;2024-10-06 07:00:01;2024-10-06 16:02:03;9;2024-10-06 16:03:59;-1;-1
09/10/2024;16:36:29;2024;0;Eleição Ordinária;452;2024-10-06 00:00:00;1;619;Eleições Municipais 2024;RR;3018;BOA VISTA;5;258;1473;13;Vereador;20;PODE;Podemos;2024-10-06 18:42:30;318;255;63;1;Apurada;1;Nominal;20278;VANIA PRATES;1;2232654;889.843.290.494.200.028.;398.597;5B5D05B2;2024-10-03 08:31:00;13 - 258;#NULO#;2024-10-06 07:00:01;2024-10-06 16:02:03;9;2024-10-06 16:03:59;-1;-1
09/10/2024;16:36:29;2024;0;Eleição Ordinária;452;2024-10-06 00:00:00;1;619;Eleições Municipais 2024;RR;3093;MUCAJAÍ;6;81;1260;13;Vereador;15;MDB;Movimento Democrático Brasileiro;2024-10-06 19:20:54;231;203;28;1;Apurada;1;Nominal;15180;NATALIA;1;2283087;439.609.104.190.146.970.;952.104;8D663779;2024-09-23 09:33:00;13 - 81;#NULO#;2024-10-06 07:22:22;2024-10-06 16:02:10;6;2024-10-06 16:04:11;-1;-1
09/10/2024;16:36:29;2024;0;Eleição Ordinária;452;2024-10-06 00:00:00;1;619;Eleições Municipais 2024;RR;3131;SÃO JOÃO DA BALIZA;4;80;1082;13;Vereador;11;PP;PROGRESSISTAS;2024-10-06 18:19:17;349;294;55;1;Apurada;1;Nominal;11123;SEBASTIAO PEREIRA;8;2257650;522.896.089.985.914.273.;144.300;826E2CBC;2024-09-23 08:30:00;13 - 80;112;2024-10-06 07:00:01;2024-10-06 16:17:11;12;2024-10-06 16:19:44;-1;-1
09/10/2024;16:36:29;2024;0;Eleição Ordinária;452;2024-10-06 00:00:00;1;619;Eleições Municipais 2024;RR;3131;SÃO JOÃO DA BALIZA;4;3;1023;13;Vereador;11;PP;PROGRESSISTAS;2024-10-06 18:08:25;341;308;33;1;Apurada;1;Nominal;11123;SEBASTIAO PEREIRA;4;2260578;431.987.762.559.828.643.;674.832;AA603ECD;2024-09-23 08:30:00;13 - 3;140;2024-10-06 07:06:01;2024-10-06 16:00:52;8;2024-10-06 16:03:05;-1;-1
09/10/2024;16:36:29;2024;0;Eleição Ordinária;452;2024-10-06 00:00:00;1;619;Eleições Municipais 2024;RR;3018;BOA VISTA;1;648;3522;13;Vereador;27;DC;Democracia Cristã;2024-10-06 18:07:06;308;250;58;1;Apurada;1;Nominal;27027;ELANE FLORENCIO;4;2233019;384.849.082.229.592.970.;774.134;F69E14AC;2024-10-02 09:03:00;13 - 648;#NULO#;2024-10-06 07:00:01;2024-10-06 16:02:23;4;2024-10-06 16:04:27;-1;-1
09/10/2024;16:36:29;2024;0;Eleição Ordinária;452;2024-10-06 00:00:00;1;619;Eleições Municipais 2024;RR;3018;BOA VISTA;5;243;1619;13;Vereador;12;PDT;Partido Democrático Trabalhista;2024-10-06 18:11:37;329;290;39;1;Apurada;1;Nominal;12122;JOÃO RIZZO;1;2020474;031.358.828.462.816.387.;870.084;ABDAB1D0;2024-10-03 09:36:00;13 - 243;#NULO#;2024-10-06 07:00:28;2024-10-06 16:01:28;12;2024-10-06 16:03:37;-1;-1
09/10/2024;16:36:29;2024;0;Eleição Ordinária;452;2024-10-06 00:00:00;1;619;Eleições Municipais 2024;RR;3018;BOA VISTA;5;243;1619;13;Vereador;30;NOVO;Partido Novo;2024-10-06 18:11:37;329;290;39;1;Apurada;1;Nominal;30456;SULIELMA BARROS;2;2020474;031.358.828.462.816.387.;870.084;ABDAB1D0;2024-10-03 09:36:00;13 - 243;#NULO#;2024-10-06 07:00:28;2024-10-06 16:01:28;12;2024-10-06 16:03:37;-1;-1
09/10/2024;16:36:29;2024;0;Eleição Ordinária;452;2024-10-06 00:00:00;1;619;Eleições Municipais 2024;RR;3034;CARACARAÍ;2;174;1228;13;Vereador;20;PODE;Podemos;2024-10-06 18:27:52;281;237;44;1;Apurada;1;Nominal;20111;VALDIRJANIO RAMOS DENTISTA;3;2285751;494.571.512.701.890.523.;19.164;589A8AA0;2024-09-23 10:10:00;13 - 174;#NULO#;2024-10-06 07:00:01;2024-10-06 16:03:13;5;2024-10-06 16:05:06;-1;-1
09/10/2024;16:36:29;2024;0;Eleição Ordinária;452;2024-10-06 00:00:00;1;619;Eleições Municipais 2024;RR;3018;BOA VISTA;5;436;1910;13;Vereador;12;PDT;Partido Democrático Trabalhista;2024-10-06 19:21:01;286;220;66;1;Apurada;1;Nominal;12122;JOÃO RIZZO;1;2232822;091.964.328.818.417.228.;132.262;99B09D99;2024-10-03 09:12:00;13 - 436;#NULO#;2024-10-06 07:03:29;2024-10-06 16:04:16;16;2024-10-06 16:05:53;-1;-1
09/10/2024;16:36:29;2024;0;Eleição Ordinária;452;2024-10-06 00:00:00;1;619;Eleições Municipais 2024;RR;3093;MUCAJAÍ;6;66;1180;13;Vereador;10;REPUBLICANOS;REPUBLICANOS;2024-10-06 20:09:10;270;239;31;1;Apurada;1;Nominal;10222;LIDIANE;3;2299921;944.760.020.046.501.940.;428.400;2CADAEB0;2024-09-23 10:21:00;13 - 66;#NULO#;2024-10-06 07:00:01;2024-10-06 16:03:24;12;2024-10-06 16:06:38;-1;-1
09/10/2024;16:36:29;2024;0;Eleição Ordinária;452;2024-10-06 00:00:00;1;619;Eleições Municipais 2024;RR;3018;BOA VISTA;1;309;2330;13;Vereador;27;DC;Democracia Cristã;2024-10-06 19:03:54;339;275;64;1;Apurada;1;Nominal;27027;ELANE FLORENCIO;1;2232894;415.152.671.581.822.993.;882.480;1455F71C;2024-10-02 09:32:00;13 - 309;#NULO#;2024-10-06 07:00:01;2024-10-06 16:01:50;4;2024-10-06 16:03:02;-1;-1
09/10/2024;16:36:29;2024;0;Eleição Ordinária;452;2024-10-06 00:00:00;1;619;Eleições Municipais 2024;RR;3115;NORMANDIA;5;578;1015;13;Vereador;45;PSDB;Partido da Social Democracia Brasileira;2024-10-06 18:09:23;295;253;42;1;Apurada;1;Nominal;45645;GEUSA BACURAL;5;2294239;514.106.334.669.212.085.;14.278;5A778306;2024-09-24 08:07:00;13 - 578;#NULO#;2024-10-06 07:00:01;2024-10-06 16:00:52;11;2024-10-06 16:03:40;-1;-1
09/10/2024;16:36:29;2024;0;Eleição Ordinária;452;2024-10-06 00:00:00;1;619;Eleições Municipais 2024;RR;3018;BOA VISTA;5;446;1015;11;Prefeito;50;PSOL;Partido Socialismo e Liberdade;2024-10-06 18:55:01;319;265;54;1;Apurada;1;Nominal;50;LINCOLN FREIRE;3;2227818;980.853.285.453.401.481.;937.765;A06B8B85;2024-10-03 08:15:00;11 - 446;#NULO#;2024-10-06 07:12:36;2024-10-06 16:03:20;9;2024-10-06 16:06:51;-1;-1
09/10/2024;16:36:29;2024;0;Eleição Ordinária;452;2024-10-06 00:00:00;1;619;Eleições Municipais 2024;RR;3018;BOA VISTA;5;317;2011;11;Prefeito;50;PSOL;Partido Socialismo e Liberdade;2024-10-06 18:58:44;317;242;75;1;Apurada;1;Nominal;50;LINCOLN FREIRE;1;2226392;869.641.973.201.585.740.;151.472;E90F9AFB;2024-10-03 08:28:00;11 - 317;#NULO#;2024-10-06 07:00:01;2024-10-06 16:04:08;6;2024-10-06 16:06:19;-1;-1
09/10/2024;16:36:29;2024;0;Eleição Ordinária;452;2024-10-06 00:00:00;1;619;Eleições Municipais 2024;RR;3018;BOA VISTA;5;475;1198;11;Prefeito;50;PSOL;Partido Socialismo e Liberdade;2024-10-06 18:42:30;304;231;73;1;Apurada;1;Nominal;50;LINCOLN FREIRE;1;2021310;516.106.913.206.011.364.;493.929;A06B8B85;2024-10-03 09:32:00;11 - 475;#NULO#;2024-10-06 07:00:01;2024-10-06 16:03:51;7;2024-10-06 16:06:02;-1;-1
09/10/2024;16:36:29;2024;0;Eleição Ordinária;452;2024-10-06 00:00:00;1;619;Eleições Municipais 2024;RR;3018;BOA VISTA;5;358;1040;11;Prefeito;50;PSOL;Partido Socialismo e Liberdade;2024-10-06 18:38:54;312;243;69;1;Apurada;1;Nominal;50;LINCOLN FREIRE;4;2019977;839.338.339.631.296.337.;260.224;CD344EFF;2024-10-03 09:14:00;11 - 358;#NULO#;2024-10-06 07:00:01;2024-10-06 16:02:32;17;2024-10-06 16:03:46;-1;-1
09/10/2024;16:36:29;2024;0;Eleição Ordinária;452;2024-10-06 00:00:00;1;619;Eleições Municipais 2024;RR;3018;BOA VISTA;5;301;1929;11;Prefeito;50;PSOL;Partido Socialismo e Liberdade;2024-10-06 18:38:01;211;150;61;1;Apurada;1;Nominal;50;LINCOLN FREIRE;2;2019304;102.065.487.753.815.874.;716.605;6251C362;2024-10-03 08:54:00;11 - 301;#NULO#;2024-10-06 07:00:01;2024-10-06 16:03:21;7;2024-10-06 16:06:00;-1;-1
09/10/2024;16:36:29;2024;0;Eleição Ordinária;452;2024-10-06 00:00:00;1;619;Eleições Municipais 2024;RR;3018;BOA VISTA;5;164;1570;11;Prefeito;50;PSOL;Partido Socialismo e Liberdade;2024-10-06 18:29:12;321;251;70;1;Apurada;1;Nominal;50;LINCOLN FREIRE;3;2020746;394.994.342.640.940.418.;381.027;4B265E94;2024-10-03 09:24:00;11 - 164;#NULO#;2024-10-06 07:01:19;2024-10-06 16:04:14;8;2024-10-06 16:06:57;-1;-1
09/10/2024;16:36:29;2024;0;Eleição Ordinária;452;2024-10-06 00:00:00;1;619;Eleições Municipais 2024;RR;3018;BOA VISTA;1;755;3751;11;Prefeito;50;PSOL;Partido Socialismo e Liberdade;2024-10-06 19:03:26;282;238;44;1;Apurada;1;Nominal;50;LINCOLN FREIRE;6;2233383;344.445.876.257.261.261.;666.396;A3FFF2CF;2024-10-02 09:48:00;11 - 755;#NULO#;2024-10-06 07:00:01;2024-10-06 16:03:08;6;2024-10-06 16:06:01;-1;-1
09/10/2024;16:36:29;2024;0;Eleição Ordinária;452;2024-10-06 00:00:00;1;619;Eleições Municipais 2024;RR;3018;BOA VISTA;5;638;2267;11;Prefeito;50;PSOL;Partido Socialismo e Liberdade;2024-10-06 18:39:00;335;267;68;1;Apurada;1;Nominal;50;LINCOLN FREIRE;3;2021320;091.964.720.151.329.241.;647.579;A67A7963;2024-10-03 08:21:00;11 - 638;#NULO#;2024-10-06 07:00:01;2024-10-06 16:01:26;11;2024-10-06 16:03:36;-1;-1
09/10/2024;16:36:29;2024;0;Eleição Ordinária;452;2024-10-06 00:00:00;1;619;Eleições Municipais 2024;RR;3123;PACARAIMA;7;69;1058;11;Prefeito;12;PDT;Partido Democrático Trabalhista;2024-10-06 18:55:20;285;250;35;1;Apurada;1;Nominal;12;DILA SANTOS;19;2283172;139.690.546.274.914.633.;964.571;B9F9D284;2024-09-23 09:34:00;11 - 69;#NULO#;2024-10-06 07:00:01;2024-10-06 16:04:50;2;2024-10-06 16:09:00;-1;-1
09/10/2024;16:36:29;2024;0;Eleição Ordinária;452;2024-10-06 00:00:00;1;619;Eleições Municipais 2024;RR;3123;PACARAIMA;7;76;1228;11;Prefeito;12;PDT;Partido Democrático Trabalhista;2024-10-06 18:18:46;288;260;28;1;Apurada;1;Nominal;12;DILA SANTOS;11;2259932;361.913.511.835.873.791.;1.340;67CB881E;2024-09-23 08:23:00;11 - 76;#NULO#;2024-10-06 07:17:00;2024-10-06 16:11:22;9;2024-10-06 16:13:40;-1;-1
09/10/2024;16:36:29;2024;0;Eleição Ordinária;452;2024-10-06 00:00:00;1;619;Eleições Municipais 2024;RR;3123;PACARAIMA;7;11;1228;11;Prefeito;12;PDT;Partido Democrático Trabalhista;2024-10-06 18:18:29;287;264;23;1;Apurada;1;Nominal;12;DILA SANTOS;14;2256303;170.094.350.677.043.321.;847.344;820B410A;2024-09-23 09:44:00;11 - 11;#NULO#;2024-10-06 07:17:26;2024-10-06 16:01:53;7;2024-10-06 16:20:46;-1;-1
09/10/2024;16:36:29;2024;0;Eleição Ordinária;452;2024-10-06 00:00:00;1;619;Eleições Municipais 2024;RR;3123;PACARAIMA;7;74;1074;11;Prefeito;12;PDT;Partido Democrático Trabalhista;2024-10-06 18:43:46;271;214;57;1;Apurada;1;Nominal;12;DILA SANTOS;50;2275244;361.913.298.497.375.446.;511.916;B9F9D284;2024-09-23 09:46:00;11 - 74;#NULO#;2024-10-06 07:00:01;2024-10-06 16:03:20;4;2024-10-06 16:06:18;-1;-1
09/10/2024;16:36:29;2024;0;Eleição Ordinária;452;2024-10-06 00:00:00;1;619;Eleições Municipais 2024;RR;3123;PACARAIMA;7;65;1074;11;Prefeito;12;PDT;Partido Democrático Trabalhista;2024-10-06 18:41:27;268;212;56;1;Apurada;1;Nominal;12;DILA SANTOS;52;2261024;240.701.218.985.740.748.;890.682;B9F9D284;2024-09-23 09:30:00;11 - 65;#NULO#;2024-10-06 07:00:01;2024-10-06 16:02:03;7;2024-10-06 16:04:30;-1;-1
09/10/2024;16:36:29;2024;0;Eleição Ordinária;452;2024-10-06 00:00:00;1;619;Eleições Municipais 2024;RR;3018;BOA VISTA;1;472;3395;13;Vereador;44;UNIÃO;União Brasil;2024-10-06 18:32:34;305;231;74;1;Apurada;1;Nominal;44444;ANDRÉIA NICOLETTI;2;2226435;203.031.273.440.678.556.;813.280;1F2CE3E3;2024-10-02 10:23:00;13 - 472;569;2024-10-06 07:00:01;2024-10-06 16:01:57;7;2024-10-06 16:03:54;-1;-1
09/10/2024;16:36:29;2024;0;Eleição Ordinária;452;2024-10-06 00:00:00;1;619;Eleições Municipais 2024;RR;3018;BOA VISTA;5;108;1457;13;Vereador;44;UNIÃO;União Brasil;2024-10-06 18:21:37;315;255;60;1;Apurada;1;Nominal;44444;ANDRÉIA NICOLETTI;2;2021295;475.702.445.402.257.256.;509.852;7D614EF1;2024-10-03 09:36:00;13 - 108;#NULO#;2024-10-06 07:00:01;2024-10-06 16:03:27;8;2024-10-06 16:05:51;-1;-1
09/10/2024;16:36:29;2024;0;Eleição Ordinária;452;2024-10-06 00:00:00;1;619;Eleições Municipais 2024;RR;3018;BOA VISTA;1;557;3204;13;Vereador;44;UNIÃO;União Brasil;2024-10-06 18:41:16;322;229;93;1;Apurada;1;Nominal;44444;ANDRÉIA NICOLETTI;1;2020561;738.384.302.332.609.203.;315.316;A79C70A2;2024-10-02 09:56:00;13 - 557;#NULO#;2024-10-06 07:02:56;2024-10-06 16:03:13;11;2024-10-06 16:06:17;-1;-1
09/10/2024;16:36:29;2024;0;Eleição Ordinária;452;2024-10-06 00:00:00;1;619;Eleições Municipais 2024;RR;3018;BOA VISTA;5;317;2011;13;Vereador;30;NOVO;Partido Novo;2024-10-06 18:58:44;317;242;75;1;Apurada;1;Nominal;30222;CHARLES BISPO;1;2226392;869.641.973.201.585.740.;151.472;E90F9AFB;2024-10-03 08:28:00;13 - 317;#NULO#;2024-10-06 07:00:01;2024-10-06 16:04:08;6;2024-10-06 16:06:19;-1;-1
09/10/2024;16:36:29;2024;0;Eleição Ordinária;452;2024-10-06 00:00:00;1;619;Eleições Municipais 2024;RR;3018;BOA VISTA;5;317;2011;13;Vereador;44;UNIÃO;União Brasil;2024-10-06 18:58:44;317;242;75;1;Apurada;1;Nominal;44444;ANDRÉIA NICOLETTI;3;2226392;869.641.973.201.585.740.;151.472;E90F9AFB;2024-10-03 08:28:00;13 - 317;#NULO#;2024-10-06 07:00:01;2024-10-06 16:04:08;6;2024-10-06 16:06:19;-1;-1
09/10/2024;16:36:29;2024;0;Eleição Ordinária;452;2024-10-06 00:00:00;1;619;Eleições Municipais 2024;RR;3018;BOA VISTA;1;552;1511;13;Vereador;12;PDT;Partido Democrático Trabalhista;2024-10-06 18:57:34;314;255;59;1;Apurada;1;Nominal;12123;NANÃO ARAGÃO;4;2232739;374.748.398.396.188.588.;281.639;A79C70A2;2024-10-02 09:29:00;13 - 552;#NULO#;2024-10-06 07:00:01;2024-10-06 16:01:37;8;2024-10-06 16:03:56;-1;-1
09/10/2024;16:36:29;2024;0;Eleição Ordinária;452;2024-10-06 00:00:00;1;619;Eleições Municipais 2024;RR;3018;BOA VISTA;1;552;1511;13;Vereador;44;UNIÃO;União Brasil;2024-10-06 18:57:34;314;255;59;1;Apurada;1;Nominal;44444;ANDRÉIA NICOLETTI;1;2232739;374.748.398.396.188.588.;281.639;A79C70A2;2024-10-02 09:29:00;13 - 552;#NULO#;2024-10-06 07:00:01;2024-10-06 16:01:37;8;2024-10-06 16:03:56;-1;-1
09/10/2024;16:36:29;2024;0;Eleição Ordinária;452;2024-10-06 00:00:00;1;619;Eleições Municipais 2024;RR;3018;BOA VISTA;5;475;1198;13;Vereador;44;UNIÃO;União Brasil;2024-10-06 18:42:30;304;231;73;1;Apurada;1;Nominal;44444;ANDRÉIA NICOLETTI;2;2021310;516.106.913.206.011.364.;493.929;A06B8B85;2024-10-03 09:32:00;13 - 475;#NULO#;2024-10-06 07:00:01;2024-10-06 16:03:51;7;2024-10-06 16:06:02;-1;-1
09/10/2024;16:36:29;2024;0;Eleição Ordinária;452;2024-10-06 00:00:00;1;619;Eleições Municipais 2024;RR;3018;BOA VISTA;1;22;1163;13;Vereador;12;PDT;Partido Democrático Trabalhista;2024-10-06 18:43:32;293;220;73;1;Apurada;1;Nominal;12123;NANÃO ARAGÃO;1;2020345;354.546.718.508.074.185.;8.388;F98FE8D9;2024-10-02 09:19:00;13 - 22;#NULO#;2024-10-06 07:00:01;2024-10-06 16:01:45;24;2024-10-06 16:03:28;-1;-1
09/10/2024;16:36:29;2024;0;Eleição Ordinária;452;2024-10-06 00:00:00;1;619;Eleições Municipais 2024;RR;3018;BOA VISTA;1;698;3832;13;Vereador;12;PDT;Partido Democrático Trabalhista;2024-10-06 18:38:51;323;266;57;1;Apurada;1;Nominal;12123;NANÃO ARAGÃO;1;2232796;566.667.614.195.008.372.;339.967;604C62AF;2024-10-02 09:15:00;13 - 698;#NULO#;2024-10-06 07:00:01;2024-10-06 16:01:28;6;2024-10-06 16:03:54;-1;-1
09/10/2024;16:36:29;2024;0;Eleição Ordinária;452;2024-10-06 00:00:00;1;619;Eleições Municipais 2024;RR;3018;BOA VISTA;1;698;3832;13;Vereador;44;UNIÃO;União Brasil;2024-10-06 18:38:51;323;266;57;1;Apurada;1;Nominal;44444;ANDRÉIA NICOLETTI;5;2232796;566.667.614.195.008.372.;339.967;604C62AF;2024-10-02 09:15:00;13 - 698;#NULO#;2024-10-06 07:00:01;2024-10-06 16:01:28;6;2024-10-06 16:03:54;-1;-1
09/10/2024;16:36:29;2024;0;Eleição Ordinária;452;2024-10-06 00:00:00;1;619;Eleições Municipais 2024;RR;3018;BOA VISTA;5;328;1040;13;Vereador;12;PDT;Partido Democrático Trabalhista;2024-10-06 18:38:55;307;227;80;1;Apurada;1;Nominal;12123;NANÃO ARAGÃO;3;2232520;627.217.910.277.944.825.;322.026;E90F9AFB;2024-10-03 09:12:00;13 - 328;#NULO#;2024-10-06 07:00:01;2024-10-06 16:03:10;3;2024-10-06 16:05:26;-1;-1
09/10/2024;16:36:29;2024;0;Eleição Ordinária;452;2024-10-06 00:00:00;1;619;Eleições Municipais 2024;RR;3018;BOA VISTA;1;783;2780;13;Vereador;12;PDT;Partido Democrático Trabalhista;2024-10-06 18:33:31;293;241;52;1;Apurada;1;Nominal;12123;NANÃO ARAGÃO;1;2230061;738.384.251.342.189.771.;472.999;885BC737;2024-10-02 09:50:00;13 - 783;#NULO#;2024-10-06 07:00:01;2024-10-06 16:03:11;1;2024-10-06 16:04:53;-1;-1
09/10/2024;16:36:29;2024;0;Eleição Ordinária;452;2024-10-06 00:00:00;1;619;Eleições Municipais 2024;RR;3018;BOA VISTA;5;407;2038;13;Vereador;12;PDT;Partido Democrático Trabalhista;2024-10-06 18:17:11;319;261;58;1;Apurada;1;Nominal;12123;NANÃO ARAGÃO;2;2021367;435.398.564.278.877.952.;156.208;3178ECF9;2024-10-03 09:05:00;13 - 407;#NULO#;2024-10-06 07:00:01;2024-10-06 16:02:49;9;2024-10-06 16:04:17;-1;-1
09/10/2024;16:36:29;2024;0;Eleição Ordinária;452;2024-10-06 00:00:00;1;619;Eleições Municipais 2024;RR;3018;BOA VISTA;5;112;1457;13;Vereador;12;PDT;Partido Democrático Trabalhista;2024-10-06 18:21:33;314;266;48;1;Apurada;1;Nominal;12123;NANÃO ARAGÃO;2;2021045;314.186.696.926.871.176.;214.300;ECD775CF;2024-10-03 08:17:00;13 - 112;#NULO#;2024-10-06 07:00:01;2024-10-06 16:09:40;8;2024-10-06 16:13:07;-1;-1
09/10/2024;16:36:29;2024;0;Eleição Ordinária;452;2024-10-06 00:00:00;1;619;Eleições Municipais 2024;RR;3018;BOA VISTA;5;112;1457;13;Vereador;44;UNIÃO;União Brasil;2024-10-06 18:21:33;314;266;48;1;Apurada;1;Nominal;44444;ANDRÉIA NICOLETTI;4;2021045;314.186.696.926.871.176.;214.300;ECD775CF;2024-10-03 08:17:00;13 - 112;#NULO#;2024-10-06 07:00:01;2024-10-06 16:09:40;8;2024-10-06 16:13:07;-1;-1
09/10/2024;16:36:29;2024;0;Eleição Ordinária;452;2024-10-06 00:00:00;1;619;Eleições Municipais 2024;RR;3026;IRACEMA;6;95;1031;13;Vereador;45;PSDB;Partido da Social Democracia Brasileira;2024-10-06 18:28:06;137;122;15;1;Apurada;1;Nominal;45555;JOSUÉ;1;2285562;202.386.380.465.125.743.;637.659;BB2C7AA4;2024-09-24 09:26:00;13 - 95;#NULO#;2024-10-06 07:00:01;2024-10-06 16:01:25;3;2024-10-06 16:04:15;-1;-1
09/10/2024;16:36:29;2024;0;Eleição Ordinária;452;2024-10-06 00:00:00;1;619;Eleições Municipais 2024;RR;3018;BOA VISTA;1;229;3298;13;Vereador;12;PDT;Partido Democrático Trabalhista;2024-10-06 18:56:58;320;261;59;1;Apurada;1;Nominal;12123;NANÃO ARAGÃO;1;2232660;031.314.349.465.861.691.;919.720;4A167343;2024-10-02 09:38:00;13 - 229;#NULO#;2024-10-06 07:00:01;2024-10-06 16:00:48;5;2024-10-06 16:02:33;-1;-1
09/10/2024;16:36:29;2024;0;Eleição Ordinária;452;2024-10-06 00:00:00;1;619;Eleições Municipais 2024;RR;3018;BOA VISTA;1;560;3344;13;Vereador;12;PDT;Partido Democrático Trabalhista;2024-10-06 18:49:15;367;250;117;1;Apurada;1;Nominal;12123;NANÃO ARAGÃO;1;2232593;011.112.884.560.446.123.;759.642;A79C70A2;2024-10-02 10:05:00;13 - 560;#NULO#;2024-10-06 07:00:01;2024-10-06 16:01:03;3;2024-10-06 16:03:53;-1;-1
09/10/2024;16:36:29;2024;0;Eleição Ordinária;452;2024-10-06 00:00:00;1;619;Eleições Municipais 2024;RR;3018;BOA VISTA;1;288;3123;13;Vereador;44;UNIÃO;União Brasil;2024-10-06 18:58:11;170;137;33;1;Apurada;1;Nominal;44444;ANDRÉIA NICOLETTI;3;2233223;203.031.827.560.619.363.;301.900;1455F71C;2024-10-02 08:51:00;13 - 288;#NULO#;2024-10-06 07:00:01;2024-10-06 16:06:08;9;2024-10-06 16:07:54;-1;-1
09/10/2024;16:36:29;2024;0;Eleição Ordinária;452;2024-10-06 00:00:00;1;619;Eleições Municipais 2024;RR;3018;BOA VISTA;1;695;3832;13;Vereador;44;UNIÃO;União Brasil;2024-10-06 18:38:43;309;257;52;1;Apurada;1;Nominal;44444;ANDRÉIA NICOLETTI;1;2020667;485.859.205.987.697.108.;118.711;604C62AF;2024-10-02 09:03:00;13 - 695;#NULO#;2024-10-06 07:00:01;2024-10-06 16:02:49;5;2024-10-06 16:04:48;-1;-1
09/10/2024;16:36:29;2024;0;Eleição Ordinária;452;2024-10-06 00:00:00;1;619;Eleições Municipais 2024;RR;3018;BOA VISTA;5;164;1570;13;Vereador;44;UNIÃO;União Brasil;2024-10-06 18:29:12;321;251;70;1;Apurada;1;Nominal;44444;ANDRÉIA NICOLETTI;1;2020746;394.994.342.640.940.418.;381.027;4B265E94;2024-10-03 09:24:00;13 - 164;#NULO#;2024-10-06 07:01:19;2024-10-06 16:04:14;8;2024-10-06 16:06:57;-1;-1
09/10/2024;16:36:29;2024;0;Eleição Ordinária;452;2024-10-06 00:00:00;1;619;Eleições Municipais 2024;RR;3018;BOA VISTA;5;301;1929;13;Vereador;44;UNIÃO;União Brasil;2024-10-06 18:38:01;211;150;61;1;Apurada;1;Nominal;44444;ANDRÉIA NICOLETTI;2;2019304;102.065.487.753.815.874.;716.605;6251C362;2024-10-03 08:54:00;13 - 301;#NULO#;2024-10-06 07:00:01;2024-10-06 16:03:21;7;2024-10-06 16:06:00;-1;-1
09/10/2024;16:36:29;2024;0;Eleição Ordinária;452;2024-10-06 00:00:00;1;619;Eleições Municipais 2024;RR;3018;BOA VISTA;1;684;3581;13;Vereador;12;PDT;Partido Democrático Trabalhista;2024-10-06 18:46:21;342;280;62;1;Apurada;1;Nominal;12123;NANÃO ARAGÃO;2;2020808;021.213.567.099.687.964.;14.011;64568699;2024-10-02 10:17:00;13 - 684;#NULO#;2024-10-06 07:03:08;2024-10-06 16:07:59;12;2024-10-06 16:10:06;-1;-1
09/10/2024;16:36:29;2024;0;Eleição Ordinária;452;2024-10-06 00:00:00;1;619;Eleições Municipais 2024;RR;3018;BOA VISTA;1;684;3581;13;Vereador;44;UNIÃO;União Brasil;2024-10-06 18:46:21;342;280;62;1;Apurada;1;Nominal;44444;ANDRÉIA NICOLETTI;1;2020808;021.213.567.099.687.964.;14.011;64568699;2024-10-02 10:17:00;13 - 684;#NULO#;2024-10-06 07:03:08;2024-10-06 16:07:59;12;2024-10-06 16:10:06;-1;-1
09/10/2024;16:36:29;2024;0;Eleição Ordinária;452;2024-10-06 00:00:00;1;619;Eleições Municipais 2024;RR;3018;BOA VISTA;1;205;1716;13;Vereador;12;PDT;Partido Democrático Trabalhista;2024-10-06 18:59:10;207;172;35;1;Apurada;1;Nominal;12123;NANÃO ARAGÃO;1;2228684;415.152.143.303.854.815.;74.710;4A167343;2024-10-02 08:34:00;13 - 205;#NULO#;2024-10-06 07:00:01;2024-10-06 16:03:41;2;2024-10-06 16:06:26;-1;-1
09/10/2024;16:36:29;2024;0;Eleição Ordinária;452;2024-10-06 00:00:00;1;619;Eleições Municipais 2024;RR;3018;BOA VISTA;1;622;3484;13;Vereador;44;UNIÃO;União Brasil;2024-10-06 18:38:20;246;205;41;1;Apurada;1;Nominal;44444;ANDRÉIA NICOLETTI;1;2232587;253.536.159.472.837.705.;486.801;2E7C29A3;2024-10-02 10:42:00;13 - 622;#NULO#;2024-10-06 07:00:01;2024-10-06 16:01:07;11;2024-10-06 16:03:14;-1;-1
09/10/2024;16:36:29;2024;0;Eleição Ordinária;452;2024-10-06 00:00:00;1;619;Eleições Municipais 2024;RR;3018;BOA VISTA;5;638;2267;13;Vereador;44;UNIÃO;União Brasil;2024-10-06 18:39:00;335;267;68;1;Apurada;1;Nominal;44444;ANDRÉIA NICOLETTI;3;2021320;091.964.720.151.329.241.;647.579;A67A7963;2024-10-03 08:21:00;13 - 638;#NULO#;2024-10-06 07:00:01;2024-10-06 16:01:26;11;2024-10-06 16:03:36;-1;-1
09/10/2024;16:36:29;2024;0;Eleição Ordinária;452;2024-10-06 00:00:00;1;619;Eleições Municipais 2024;RR;3093;MUCAJAÍ;6;96;1260;13;Vereador;15;MDB;Movimento Democrático Brasileiro;2024-10-06 19:28:05;186;166;20;1;Apurada;1;Nominal;15111;THIAGO BRITO;2;2292168;469.912.754.093.517.262.;105.127;8D663779;2024-09-23 10:28:00;13 - 96;#NULO#;2024-10-06 07:00:01;2024-10-06 16:03:51;8;2024-10-06 16:06:38;-1;-1
09/10/2024;16:36:29;2024;0;Eleição Ordinária;452;2024-10-06 00:00:00;1;619;Eleições Municipais 2024;RR;3018;BOA VISTA;5;460;2143;13;Vereador;10;REPUBLICANOS;REPUBLICANOS;2024-10-06 18:44:57;357;285;72;1;Apurada;1;Nominal;10223;ELITON ARAÚJO;2;2021247;910.146.696.146.838.654.;661.708;A06B8B85;2024-10-03 08:57:00;13 - 460;742;2024-10-06 07:00:01;2024-10-06 16:01:57;2;2024-10-06 16:03:54;-1;-1
09/10/2024;16:36:29;2024;0;Eleição Ordinária;452;2024-10-06 00:00:00;1;619;Eleições Municipais 2024;RR;3093;MUCAJAÍ;6;73;1228;13;Vereador;10;REPUBLICANOS;REPUBLICANOS;2024-10-06 18:44:59;143;126;17;1;Apurada;1;Nominal;10789;NÉLIO FERREIRA;3;2259112;348.700.163.881.878.900.;958.614;8D663779;2024-09-23 08:32:00;13 - 73;#NULO#;2024-10-06 07:00:01;2024-10-06 16:01:32;0;2024-10-06 16:04:17;-1;-1
09/10/2024;16:36:29;2024;0;Eleição Ordinária;452;2024-10-06 00:00:00;1;619;Eleições Municipais 2024;RR;3018;BOA VISTA;5;300;1597;13;Vereador;10;REPUBLICANOS;REPUBLICANOS;2024-10-06 17:35:38;292;227;65;1;Apurada;1;Nominal;10223;ELITON ARAÚJO;1;2021374;425.297.692.585.391.457.;89.880;6251C362;2024-10-03 08:49:00;13 - 300;#NULO#;2024-10-06 07:00:01;2024-10-06 16:02:17;6;2024-10-06 16:04:08;-1;-1
09/10/2024;16:36:29;2024;0;Eleição Ordinária;452;2024-10-06 00:00:00;1;619;Eleições Municipais 2024;RR;3018;BOA VISTA;5;472;2011;13;Vereador;10;REPUBLICANOS;REPUBLICANOS;2024-10-06 18:59:17;308;234;74;1;Apurada;1;Nominal;10223;ELITON ARAÚJO;2;2020664;324.287.391.687.664.856.;313.330;A06B8B85;2024-10-03 09:21:00;13 - 472;#NULO#;2024-10-06 07:00:04;2024-10-06 16:01:37;4;2024-10-06 16:03:45;-1;-1
09/10/2024;16:36:29;2024;0;Eleição Ordinária;452;2024-10-06 00:00:00;1;619;Eleições Municipais 2024;RR;3018;BOA VISTA;1;626;3492;13;Vereador;10;REPUBLICANOS;REPUBLICANOS;2024-10-06 18:38:49;272;220;52;1;Apurada;1;Nominal;10223;ELITON ARAÚJO;1;2018827;304.041.647.297.379.543.;61.802;9C91665F;2024-10-02 09:01:00;13 - 626;#NULO#;2024-10-06 07:00:01;2024-10-06 16:05:38;5;2024-10-06 16:08:46;-1;-1
09/10/2024;16:36:29;2024;0;Eleição Ordinária;452;2024-10-06 00:00:00;1;619;Eleições Municipais 2024;RR;3069;CANTÁ;5;484;1031;13;Vereador;43;PV;Partido Verde;2024-10-06 18:09:03;282;237;45;1;Apurada;1;Nominal;43123;KLEITON DO CANTÁ;3;2254508;158.970.514.518.861.781.;891.045;E4F33F4B;2024-09-24 08:42:00;13 - 484;#NULO#;2024-10-06 07:00:01;2024-10-06 16:07:41;3;2024-10-06 16:09:36;-1;-1
09/10/2024;16:36:29;2024;0;Eleição Ordinária;452;2024-10-06 00:00:00;1;619;Eleições Municipais 2024;RR;3018;BOA VISTA;1;27;1171;13;Vereador;10;REPUBLICANOS;REPUBLICANOS;2024-10-06 18:53:33;404;328;76;1;Apurada;1;Nominal;10223;ELITON ARAÚJO;1;2020321;778.788.686.950.208.377.;70.560;F98FE8D9;2024-10-02 09:41:00;13 - 27;169;2024-10-06 07:00:01;2024-10-06 16:03:33;11;2024-10-06 16:06:41;-1;-1
09/10/2024;16:36:29;2024;0;Eleição Ordinária;452;2024-10-06 00:00:00;1;619;Eleições Municipais 2024;RR;3018;BOA VISTA;5;135;1503;13;Vereador;10;REPUBLICANOS;REPUBLICANOS;2024-10-06 18:47:27;321;240;81;1;Apurada;1;Nominal;10223;ELITON ARAÚJO;2;2232477;586.813.430.959.728.702.;615.363;4B265E94;2024-10-03 08:11:00;13 - 135;#NULO#;2024-10-06 07:00:01;2024-10-06 16:06:45;6;2024-10-06 16:09:06;-1;-1
09/10/2024;16:36:29;2024;0;Eleição Ordinária;452;2024-10-06 00:00:00;1;619;Eleições Municipais 2024;RR;3018;BOA VISTA;5;123;1481;13;Vereador;10;REPUBLICANOS;REPUBLICANOS;2024-10-06 18:44:21;280;228;52;1;Apurada;1;Nominal;10223;ELITON ARAÚJO;1;2018702;677.722.233.562.170.001.;478.384;ECD775CF;2024-10-03 08:51:00;13 - 123;#NULO#;2024-10-06 07:00:01;2024-10-06 16:01:42;18;2024-10-06 16:04:33;-1;-1
09/10/2024;16:36:29;2024;0;Eleição Ordinária;452;2024-10-06 00:00:00;1;619;Eleições Municipais 2024;RR;3018;BOA VISTA;1;583;3417;13;Vereador;10;REPUBLICANOS;REPUBLICANOS;2024-10-06 18:44:26;307;244;63;1;Apurada;1;Nominal;10223;ELITON ARAÚJO;1;2232776;435.354.770.694.192.206.;89.647;7,01E+197;2024-10-02 09:37:00;13 - 583;#NULO#;2024-10-06 07:00:01;2024-10-06 16:03:40;14;2024-10-06 16:05:42;-1;-1
09/10/2024;16:36:29;2024;0;Eleição Ordinária;452;2024-10-06 00:00:00;1;619;Eleições Municipais 2024;RR;3050;ALTO ALEGRE;3;243;1058;13;Vereador;10;REPUBLICANOS;REPUBLICANOS;2024-10-06 18:22:04;163;155;8;1;Apurada;1;Nominal;10444;NICE COELHO;1;2280463;887.021.672.904.515.497.;846.741;759BA8FB;2024-09-23 10:22:00;13 - 243;#NULO#;2024-10-06 07:00:01;2024-10-06 16:09:03;17;2024-10-06 16:09:17;-1;-1
09/10/2024;16:36:29;2024;0;Eleição Ordinária;452;2024-10-06 00:00:00;1;619;Eleições Municipais 2024;RR;3018;BOA VISTA;5;110;1457;13;Vereador;10;REPUBLICANOS;REPUBLICANOS;2024-10-06 18:21:32;324;267;57;1;Apurada;1;Nominal;10223;ELITON ARAÚJO;1;2226444;990.954.151.554.079.309.;430.694;7D614EF1;2024-10-03 09:49:00;13 - 110;#NULO#;2024-10-06 07:00:13;2024-10-06 16:03:20;15;2024-10-06 16:05:23;-1;-1
09/10/2024;16:36:29;2024;0;Eleição Ordinária;452;2024-10-06 00:00:00;1;619;Eleições Municipais 2024;RR;3131;SÃO JOÃO DA BALIZA;4;1;1015;11;Prefeito;-1;#NULO#;#NULO#;2024-10-06 18:07:15;213;195;18;1;Apurada;2;Branco;95;Branco;3;2257687;159.159.265.831.717.696.;111.882;AA603ECD;2024-09-23 08:15:00;11 - 1;#NULO#;2024-10-06 07:00:01;2024-10-06 16:04:55;7;2024-10-06 16:07:06;-1;-1
09/10/2024;16:36:29;2024;0;Eleição Ordinária;452;2024-10-06 00:00:00;1;619;Eleições Municipais 2024;RR;3131;SÃO JOÃO DA BALIZA;4;79;1040;11;Prefeito;-1;#NULO#;#NULO#;2024-10-06 18:15:15;271;245;26;1;Apurada;2;Branco;95;Branco;4;2254491;674.311.152.600.322.449.;621.675;826E2CBC;2024-09-23 08:25:00;11 - 79;#NULO#;2024-10-06 07:00:01;2024-10-06 16:02:21;10;2024-10-06 16:04:10;-1;-1
09/10/2024;16:36:29;2024;0;Eleição Ordinária;452;2024-10-06 00:00:00;1;619;Eleições Municipais 2024;RR;3069;CANTÁ;5;488;1031;13;Vereador;12;PDT;Partido Democrático Trabalhista;2024-10-06 18:06:58;280;245;35;1;Apurada;1;Nominal;12000;JESSÉ;4;2294342;330.788.138.336.418.107.;142.002;E4F33F4B;2024-09-24 08:56:00;13 - 488;#NULO#;2024-10-06 07:00:01;2024-10-06 16:01:14;3;2024-10-06 16:03:01;-1;-1
09/10/2024;16:36:29;2024;0;Eleição Ordinária;452;2024-10-06 00:00:00;1;619;Eleições Municipais 2024;RR;3050;ALTO ALEGRE;3;242;1180;13;Vereador;15;MDB;Movimento Democrático Brasileiro;2024-10-06 18:35:47;260;226;34;1;Apurada;1;Nominal;15777;PROF FÁBIO ALMEIDA;1;2285540;200.253.886.436.022.172.;287.276;759BA8FB;2024-09-23 10:16:00;13 - 242;#NULO#;2024-10-06 07:00:01;2024-10-06 16:01:45;9;2024-10-06 16:02:16;-1;-1
09/10/2024;16:36:29;2024;0;Eleição Ordinária;452;2024-10-06 00:00:00;1;619;Eleições Municipais 2024;RR;3069;CANTÁ;5;530;1279;13;Vereador;12;PDT;Partido Democrático Trabalhista;2024-10-06 18:09:05;278;223;55;1;Apurada;1;Nominal;12000;JESSÉ;1;2276707;249.879.909.947.398.389.;844.687;A6EF7030;2024-09-24 09:38:00;13 - 530;#NULO#;2024-10-06 07:00:01;2024-10-06 16:01:51;1;2024-10-06 16:05:52;-1;-1
09/10/2024;16:36:29;2024;0;Eleição Ordinária;452;2024-10-06 00:00:00;1;619;Eleições Municipais 2024;RR;3034;CARACARAÍ;2;178;1082;13;Vereador;20;PODE;Podemos;2024-10-06 18:05:03;249;200;49;1;Apurada;1;Nominal;20333;WENDEL DO FÓRUM;5;2285815;807.602.265.732.617.290.;135.985;589A8AA0;2024-09-23 10:42:00;13 - 178;#NULO#;2024-10-06 07:00:01;2024-10-06 16:03:18;5;2024-10-06 16:06:36;-1;-1
09/10/2024;16:36:29;2024;0;Eleição Ordinária;452;2024-10-06 00:00:00;1;619;Eleições Municipais 2024;RR;3034;CARACARAÍ;2;169;1082;13;Vereador;20;PODE;Podemos;2024-10-06 18:05:04;246;194;52;1;Apurada;1;Nominal;20333;WENDEL DO FÓRUM;3;2257958;635.985.130.315.763.274.;974.505;589A8AA0;2024-09-23 09:39:00;13 - 169;#NULO#;2024-10-06 07:00:01;2024-10-06 16:03:36;9;2024-10-06 16:06:08;-1;-1
09/10/2024;16:36:29;2024;0;Eleição Ordinária;452;2024-10-06 00:00:00;1;619;Eleições Municipais 2024;RR;3034;CARACARAÍ;2;159;1295;13;Vereador;20;PODE;Podemos;2024-10-06 18:42:03;326;267;59;1;Apurada;1;Nominal;20333;WENDEL DO FÓRUM;10;2259860;040.026.479.456.733.137.;537.871;589A8AA0;2024-09-23 08:43:00;13 - 159;#NULO#;2024-10-06 07:05:21;2024-10-06 16:02:58;13;2024-10-06 16:06:18;-1;-1
09/10/2024;16:36:29;2024;0;Eleição Ordinária;452;2024-10-06 00:00:00;1;619;Eleições Municipais 2024;RR;3069;CANTÁ;5;514;1155;13;Vereador;12;PDT;Partido Democrático Trabalhista;2024-10-06 18:16:27;326;272;54;1;Apurada;1;Nominal;12000;JESSÉ;3;2290568;219.576.172.517.522.291.;845.514;91E2FD86;2024-09-24 09:49:00;13 - 514;716;2024-10-06 07:00:51;2024-10-06 16:04:23;8;2024-10-06 16:06:12;-1;-1
09/10/2024;16:36:29;2024;0;Eleição Ordinária;452;2024-10-06 00:00:00;1;619;Eleições Municipais 2024;RR;3034;CARACARAÍ;2;6;1325;13;Vereador;20;PODE;Podemos;2024-10-06 18:04:59;218;181;37;1;Apurada;1;Nominal;20333;WENDEL DO FÓRUM;8;2276970;635.985.296.611.417.155.;879.275;F530C6CF;2024-09-23 08:53:00;13 - 6;#NULO#;2024-10-06 07:04:12;2024-10-06 16:01:17;5;2024-10-06 16:04:37;-1;-1
09/10/2024;16:36:29;2024;0;Eleição Ordinária;452;2024-10-06 00:00:00;1;619;Eleições Municipais 2024;RR;3034;CARACARAÍ;2;62;1325;13;Vereador;20;PODE;Podemos;2024-10-06 18:05:00;217;178;39;1;Apurada;1;Nominal;20333;WENDEL DO FÓRUM;8;2300665;302.652.942.278.171.902.;180.160;F530C6CF;2024-09-23 10:08:00;13 - 62;#NULO#;2024-10-06 07:00:01;2024-10-06 16:01:57;13;2024-10-06 16:04:11;-1;-1
09/10/2024;16:36:29;2024;0;Eleição Ordinária;452;2024-10-06 00:00:00;1;619;Eleições Municipais 2024;RR;3034;CARACARAÍ;2;9;1104;13;Vereador;20;PODE;Podemos;2024-10-06 18:53:32;403;328;75;1;Apurada;1;Nominal;20333;WENDEL DO FÓRUM;4;2296971;979.319.963.145.705.531.;463.602;F530C6CF;2024-09-23 09:42:00;13 - 9;116;2024-10-06 07:00:01;2024-10-06 16:06:36;6;2024-10-06 16:07:56;-1;-1
09/10/2024;16:36:29;2024;0;Eleição Ordinária;452;2024-10-06 00:00:00;1;619;Eleições Municipais 2024;RR;3069;CANTÁ;5;518;1163;13;Vereador;12;PDT;Partido Democrático Trabalhista;2024-10-06 18:26:50;261;207;54;1;Apurada;1;Nominal;12000;JESSÉ;3;2289889;209.475.604.616.904.055.;831.642;91E2FD86;2024-09-24 10:13:00;13 - 518;733;2024-10-06 07:00:01;2024-10-06 16:00:58;3;2024-10-06 16:04:54;-1;-1
09/10/2024;16:36:29;2024;0;Eleição Ordinária;452;2024-10-06 00:00:00;1;619;Eleições Municipais 2024;RR;3034;CARACARAÍ;2;125;1236;13;Vereador;20;PODE;Podemos;2024-10-06 17:50:58;278;246;32;1;Apurada;1;Nominal;20333;WENDEL DO FÓRUM;5;2285632;918.713.694.953.574.724.;887.870;6EA2BA56;2024-09-23 10:05:00;13 - 125;#NULO#;2024-10-06 07:01:23;2024-10-06 16:00:25;7;2024-10-06 16:01:45;-1;-1
09/10/2024;16:36:29;2024;0;Eleição Ordinária;452;2024-10-06 00:00:00;1;619;Eleições Municipais 2024;RR;3034;CARACARAÍ;2;97;1325;13;Vereador;20;PODE;Podemos;2024-10-06 18:05:02;215;177;38;1;Apurada;1;Nominal;20333;WENDEL DO FÓRUM;9;2277735;070.329.470.669.713.026.;578.773;6EA2BA56;2024-09-23 08:51:00;13 - 97;#NULO#;2024-10-06 07:00:01;2024-10-06 16:02:32;7;2024-10-06 16:05:14;-1;-1
09/10/2024;16:36:29;2024;0;Eleição Ordinária;452;2024-10-06 00:00:00;1;619;Eleições Municipais 2024;RR;3018;BOA VISTA;1;377;2330;13;Vereador;11;PP;PROGRESSISTAS;2024-10-06 19:03:54;335;283;52;1;Apurada;1;Nominal;11007;MAJOR FERNANDO;1;2227784;425.253.953.262.635.768.;698.650;1F2CE3E3;2024-10-02 09:03:00;13 - 377;#NULO#;2024-10-06 07:00:01;2024-10-06 16:03:41;6;2024-10-06 16:05:39;-1;-1
09/10/2024;16:36:29;2024;0;Eleição Ordinária;452;2024-10-06 00:00:00;1;619;Eleições Municipais 2024;RR;3018;BOA VISTA;1;760;3735;13;Vereador;44;UNIÃO;União Brasil;2024-10-06 18:26:35;333;281;52;1;Apurada;1;Nominal;44123;NICIA DIAS;1;2228696;940.405.991.517.467.995.;506.011;A3FFF2CF;2024-10-02 10:15:00;13 - 760;#NULO#;2024-10-06 07:00:01;2024-10-06 16:02:09;3;2024-10-06 16:04:56;-1;-1
09/10/2024;16:36:29;2024;0;Eleição Ordinária;452;2024-10-06 00:00:00;1;619;Eleições Municipais 2024;RR;3018;BOA VISTA;5;434;2011;13;Vereador;11;PP;PROGRESSISTAS;2024-10-06 19:00:18;304;222;82;1;Apurada;1;Nominal;11007;MAJOR FERNANDO;1;2017894;283.883.291.137.933.632.;789.550;99B09D99;2024-10-03 09:08:00;13 - 434;#NULO#;2024-10-06 07:00:01;2024-10-06 16:04:32;7;2024-10-06 16:06:41;-1;-1
09/10/2024;16:36:29;2024;0;Eleição Ordinária;452;2024-10-06 00:00:00;1;619;Eleições Municipais 2024;RR;3158;SÃO LUIZ;4;28;1015;13;Vereador;10;REPUBLICANOS;REPUBLICANOS;2024-10-06 18:03:54;227;206;21;1;Apurada;1;Nominal;10456;GILSON DA SAÚDE;1;2261073;531.497.556.405.319.116.;401.210;3982BDD3;2024-09-23 08:53:00;13 - 28;82;2024-10-06 07:00:01;2024-10-06 16:02:08;2;2024-10-06 16:03:07;-1;-1
09/10/2024;16:36:29;2024;0;Eleição Ordinária;452;2024-10-06 00:00:00;1;619;Eleições Municipais 2024;RR;3085;RORAINÓPOLIS;8;29;1082;13;Vereador;11;PP;PROGRESSISTAS;2024-10-06 18:24:15;281;231;50;1;Apurada;1;Nominal;11123;PROFESSORA PRISCILA;3;2259998;763.664.897.872.772.562.;574.853;269C4045;2024-09-24 08:55:00;13 - 29;#NULO#;2024-10-06 07:00:01;2024-10-06 16:02:33;5;2024-10-06 16:02:40;-1;-1
09/10/2024;16:36:29;2024;0;Eleição Ordinária;452;2024-10-06 00:00:00;1;619;Eleições Municipais 2024;RR;3085;RORAINÓPOLIS;8;64;1155;13;Vereador;11;PP;PROGRESSISTAS;2024-10-06 18:56:44;224;183;41;1;Apurada;1;Nominal;11123;PROFESSORA PRISCILA;5;2259580;147.402.000.570.365.000.;847.642;217E3B57;2024-09-24 09:39:00;13 - 64;#NULO#;2024-10-06 07:02:36;2024-10-06 16:04:42;5;2024-10-06 16:07:38;-1;-1
09/10/2024;16:36:29;2024;0;Eleição Ordinária;452;2024-10-06 00:00:00;1;619;Eleições Municipais 2024;RR;3085;RORAINÓPOLIS;8;11;1031;13;Vereador;11;PP;PROGRESSISTAS;2024-10-06 18:46:58;273;238;35;1;Apurada;1;Nominal;11123;PROFESSORA PRISCILA;3;2300573;258.513.430.330.929.709.;171.922;CCA6CB40;2024-09-24 09:05:00;13 - 11;#NULO#;2024-10-06 07:00:01;2024-10-06 16:01:58;17;2024-10-06 16:03:38;-1;-1
09/10/2024;16:36:29;2024;0;Eleição Ordinária;452;2024-10-06 00:00:00;1;619;Eleições Municipais 2024;RR;3158;SÃO LUIZ;4;43;1015;13;Vereador;11;PP;PROGRESSISTAS;2024-10-06 18:03:25;233;208;25;1;Apurada;4;Legenda;11;PP;1;2285506;844.528.453.836.374.202.;189.404;3982BDD3;2024-09-23 09:13:00;13 - 43;47;2024-10-06 07:00:01;2024-10-06 16:03:25;9;2024-10-06 16:05:43;-1;-1
09/10/2024;16:36:29;2024;0;Eleição Ordinária;452;2024-10-06 00:00:00;1;619;Eleições Municipais 2024;RR;3123;PACARAIMA;7;19;1090;13;Vereador;20;PODE;Podemos;2024-10-06 18:54:16;226;200;26;1;Apurada;4;Legenda;20;PODE;1;2259838;301.307.365.991.095.289.;101.646;B9F9D284;2024-09-23 08:27:00;13 - 19;#NULO#;2024-10-06 07:00:01;2024-10-06 16:01:07;3;2024-10-06 16:04:00;-1;-1
09/10/2024;16:36:29;2024;0;Eleição Ordinária;452;2024-10-06 00:00:00;1;619;Eleições Municipais 2024;RR;3123;PACARAIMA;7;22;1112;13;Vereador;20;PODE;Podemos;2024-10-06 18:43:17;205;160;45;1;Apurada;4;Legenda;20;PODE;2;2261310;745.751.101.335.436.779.;792.074;B9F9D284;2024-09-23 08:43:00;13 - 22;#NULO#;2024-10-06 07:00:01;2024-10-06 16:02:11;5;2024-10-06 16:03:38;-1;-1
09/10/2024;16:36:29;2024;0;Eleição Ordinária;452;2024-10-06 00:00:00;1;619;Eleições Municipais 2024;RR;3123;PACARAIMA;7;15;1074;13;Vereador;20;PODE;Podemos;2024-10-06 18:41:38;272;227;45;1;Apurada;4;Legenda;20;PODE;2;2258041;462.923.085.806.985.731.;371.949;820B410A;2024-09-23 10:03:00;13 - 15;#NULO#;2024-10-06 07:00:01;2024-10-06 16:02:24;6;2024-10-06 16:05:40;-1;-1
09/10/2024;16:36:29;2024;0;Eleição Ordinária;452;2024-10-06 00:00:00;1;619;Eleições Municipais 2024;RR;3123;PACARAIMA;7;93;1210;13;Vereador;20;PODE;Podemos;2024-10-06 18:43:44;222;165;57;1;Apurada;4;Legenda;20;PODE;1;2297637;372.014.336.936.173.131.;619.677;67CB881E;2024-09-23 09:43:00;13 - 93;#NULO#;2024-10-06 07:00:01;2024-10-06 16:00:54;4;2024-10-06 16:01:36;-1;-1
09/10/2024;16:36:29;2024;0;Eleição Ordinária;452;2024-10-06 00:00:00;1;619;Eleições Municipais 2024;RR;3123;PACARAIMA;7;89;1155;13;Vereador;20;PODE;Podemos;2024-10-06 18:59:54;175;158;17;1;Apurada;4;Legenda;20;PODE;2;2254517;452.822.007.744.954.846.;277.742;67CB881E;2024-09-23 09:30:00;13 - 89;#NULO#;2024-10-06 07:03:43;2024-10-06 16:01:45;5;2024-10-06 16:04:36;-1;-1
09/10/2024;16:36:29;2024;0;Eleição Ordinária;452;2024-10-06 00:00:00;1;619;Eleições Municipais 2024;RR;3123;PACARAIMA;7;6;1031;13;Vereador;20;PODE;Podemos;2024-10-06 18:56:10;287;233;54;1;Apurada;4;Legenda;20;PODE;1;2285470;483.125.141.808.193.175.;825.614;820B410A;2024-09-23 08:52:00;13 - 6;#NULO#;2024-10-06 07:02:49;2024-10-06 16:07:13;9;2024-10-06 16:11:12;-1;-1
09/10/2024;16:36:29;2024;0;Eleição Ordinária;452;2024-10-06 00:00:00;1;619;Eleições Municipais 2024;RR;3158;SÃO LUIZ;4;38;1201;13;Vereador;11;PP;PROGRESSISTAS;2024-10-06 18:23:46;236;197;39;1;Apurada;4;Legenda;11;PP;1;2258044;965.740.053.548.027.726.;329.404;3982BDD3;2024-09-23 08:57:00;13 - 38;#NULO#;2024-10-06 07:00:01;2024-10-06 16:11:17;14;2024-10-06 16:11:36;-1;-1
09/10/2024;16:36:29;2024;0;Eleição Ordinária;452;2024-10-06 00:00:00;1;619;Eleições Municipais 2024;RR;3085;RORAINÓPOLIS;8;44;1147;13;Vereador;11;PP;PROGRESSISTAS;2024-10-06 18:46:23;293;253;40;1;Apurada;1;Nominal;11211;TUCA CHAVES;1;2285643;894.977.616.763.040.655.;953.661;A10E017D;2024-09-24 08:57:00;13 - 44;#NULO#;2024-10-06 07:00:01;2024-10-06 16:01:52;2;2024-10-06 16:03:55;-1;-1
09/10/2024;16:36:29;2024;0;Eleição Ordinária;452;2024-10-06 00:00:00;1;619;Eleições Municipais 2024;RR;3123;PACARAIMA;7;8;1031;13;Vereador;55;PSD;Partido Social Democrático;2024-10-06 18:55:20;289;225;64;1;Apurada;1;Nominal;55111;PROF INALDA;1;2250643;796.256.677.939.484.903.;279.341;820B410A;2024-09-23 09:24:00;13 - 8;#NULO#;2024-10-06 07:00:01;2024-10-06 16:01:07;8;2024-10-06 16:03:16;-1;-1
09/10/2024;16:36:29;2024;0;Eleição Ordinária;452;2024-10-06 00:00:00;1;619;Eleições Municipais 2024;RR;3085;RORAINÓPOLIS;8;66;1120;13;Vereador;11;PP;PROGRESSISTAS;2024-10-06 18:19:18;262;209;53;1;Apurada;1;Nominal;11211;TUCA CHAVES;2;2273405;945.482.020.322.734.990.;329.531;BDE63B20;2024-09-24 08:17:00;13 - 66;#NULO#;2024-10-06 07:00:01;2024-10-06 16:04:11;5;2024-10-06 16:06:04;-1;-1
09/10/2024;16:36:29;2024;0;Eleição Ordinária;452;2024-10-06 00:00:00;1;619;Eleições Municipais 2024;RR;3069;CANTÁ;5;503;1090;11;Prefeito;11;PP;PROGRESSISTAS;2024-10-06 18:59:59;267;248;19;1;Apurada;1;Nominal;11;ANDRE CASTRO;63;2257545;260.081.040.022.973.347.;916.011;91E2FD86;2024-09-24 08:42:00;11 - 503;#NULO#;2024-10-06 07:00:01;2024-10-06 16:00:57;8;2024-10-06 16:03:04;-1;-1
09/10/2024;16:36:29;2024;0;Eleição Ordinária;452;2024-10-06 00:00:00;1;619;Eleições Municipais 2024;RR;3069;CANTÁ;5;527;1252;11;Prefeito;11;PP;PROGRESSISTAS;2024-10-06 18:42:56;290;245;45;1;Apurada;1;Nominal;11;ANDRE CASTRO;133;2255009;411.596.775.464.127.983.;188.320;A6EF7030;2024-09-24 09:23:00;11 - 527;#NULO#;2024-10-06 07:00:01;2024-10-06 16:01:41;6;2024-10-06 16:05:39;-1;-1
09/10/2024;16:36:29;2024;0;Eleição Ordinária;452;2024-10-06 00:00:00;1;619;Eleições Municipais 2024;RR;3069;CANTÁ;5;484;1031;11;Prefeito;11;PP;PROGRESSISTAS;2024-10-06 18:09:03;282;237;45;1;Apurada;1;Nominal;11;ANDRE CASTRO;138;2254508;158.970.514.518.861.781.;891.045;E4F33F4B;2024-09-24 08:42:00;11 - 484;#NULO#;2024-10-06 07:00:01;2024-10-06 16:07:41;3;2024-10-06 16:09:36;-1;-1
09/10/2024;16:36:29;2024;0;Eleição Ordinária;452;2024-10-06 00:00:00;1;619;Eleições Municipais 2024;RR;3069;CANTÁ;5;529;1260;11;Prefeito;11;PP;PROGRESSISTAS;2024-10-06 18:16:36;345;309;36;1;Apurada;1;Nominal;11;ANDRE CASTRO;112;2258050;371.192.955.160.176.721.;838.934;A6EF7030;2024-09-24 09:33:00;11 - 529;608;2024-10-06 07:00:01;2024-10-06 16:07:27;9;2024-10-06 16:11:12;-1;-1
09/10/2024;16:36:29;2024;0;Eleição Ordinária;452;2024-10-06 00:00:00;1;619;Eleições Municipais 2024;RR;3085;RORAINÓPOLIS;8;12;1031;13;Vereador;11;PP;PROGRESSISTAS;2024-10-06 18:46:20;274;234;40;1;Apurada;1;Nominal;11211;TUCA CHAVES;5;2260295;379.725.669.342.258.632.;706.966;CCA6CB40;2024-09-24 09:08:00;13 - 12;#NULO#;2024-10-06 07:04:29;2024-10-06 16:12:57;7;2024-10-06 16:15:32;-1;-1
09/10/2024;16:36:29;2024;0;Eleição Ordinária;452;2024-10-06 00:00:00;1;619;Eleições Municipais 2024;RR;3034;CARACARAÍ;2;115;1082;13;Vereador;20;PODE;Podemos;2024-10-06 18:05:04;244;205;39;1;Apurada;1;Nominal;20123;LENNY SENNA;2;2290193;504.672.211.412.181.591.;711.234;6EA2BA56;2024-09-23 09:50:00;13 - 115;#NULO#;2024-10-06 07:00:01;2024-10-06 16:01:16;1;2024-10-06 16:03:23;-1;-1
09/10/2024;16:36:29;2024;0;Eleição Ordinária;452;2024-10-06 00:00:00;1;619;Eleições Municipais 2024;RR;3085;RORAINÓPOLIS;8;42;1139;13;Vereador;11;PP;PROGRESSISTAS;2024-10-06 18:40:58;287;237;50;1;Apurada;1;Nominal;11211;TUCA CHAVES;3;2257482;591.947.094.333.493.439.;122.210;A10E017D;2024-09-24 08:36:00;13 - 42;#NULO#;2024-10-06 07:00:01;2024-10-06 16:06:07;8;2024-10-06 16:08:07;-1;-1
09/10/2024;16:36:29;2024;0;Eleição Ordinária;452;2024-10-06 00:00:00;1;619;Eleições Municipais 2024;RR;3042;AMAJARI;7;44;1112;13;Vereador;10;REPUBLICANOS;REPUBLICANOS;2024-10-06 18:06:04;224;194;30;1;Apurada;4;Legenda;10;REPUBLICANOS;1;2275345;251.402.978.920.333.278.;628.901;0B5F2C28;2024-09-23 09:47:00;13 - 44;#NULO#;2024-10-06 07:00:01;2024-10-06 16:04:46;9;2024-10-06 16:08:56;-1;-1
09/10/2024;16:36:29;2024;0;Eleição Ordinária;452;2024-10-06 00:00:00;1;619;Eleições Municipais 2024;RR;3026;IRACEMA;6;16;1040;13;Vereador;44;UNIÃO;União Brasil;2024-10-06 18:03:01;288;256;32;1;Apurada;4;Legenda;44;UNIÃO;2;2283552;677.033.402.258.440.048.;794.295;BFE4729D;2024-09-24 09:50:00;13 - 16;#NULO#;2024-10-06 07:00:01;2024-10-06 16:02:43;7;2024-10-06 16:04:54;-1;-1
09/10/2024;16:36:29;2024;0;Eleição Ordinária;452;2024-10-06 00:00:00;1;619;Eleições Municipais 2024;RR;3026;IRACEMA;6;1;1015;13;Vereador;44;UNIÃO;União Brasil;2024-10-06 18:28:12;295;275;20;1;Apurada;4;Legenda;44;UNIÃO;1;2260707;858.851.969.576.294.378.;449.861;BFE4729D;2024-09-24 08:12:00;13 - 1;#NULO#;2024-10-06 07:00:01;2024-10-06 16:00:55;20;2024-10-06 16:02:48;-1;-1
09/10/2024;16:36:29;2024;0;Eleição Ordinária;452;2024-10-06 00:00:00;1;619;Eleições Municipais 2024;RR;3026;IRACEMA;6;11;1031;13;Vereador;44;UNIÃO;União Brasil;2024-10-06 18:28:17;293;259;34;1;Apurada;4;Legenda;44;UNIÃO;1;2275346;252.891.439.816.205.576.;89.342;BFE4729D;2024-09-24 09:09:00;13 - 11;#NULO#;2024-10-06 07:03:12;2024-10-06 16:03:12;11;2024-10-06 16:06:43;-1;-1
09/10/2024;16:36:29;2024;0;Eleição Ordinária;452;2024-10-06 00:00:00;1;619;Eleições Municipais 2024;RR;3077;BONFIM;5;545;1023;13;Vereador;15;MDB;Movimento Democrático Brasileiro;2024-10-06 19:04:41;263;232;31;1;Apurada;4;Legenda;15;MDB;1;2257679;491.604.779.911.508.789.;868.327;6C41F76B;2024-09-24 08:55:00;13 - 545;#NULO#;2024-10-06 07:00:01;2024-10-06 16:01:49;4;2024-10-06 16:04:12;-1;-1
09/10/2024;16:36:29;2024;0;Eleição Ordinária;452;2024-10-06 00:00:00;1;619;Eleições Municipais 2024;RR;3026;IRACEMA;6;19;1066;13;Vereador;44;UNIÃO;União Brasil;2024-10-06 18:34:25;285;249;36;1;Apurada;4;Legenda;44;UNIÃO;1;2275363;929.558.986.037.453.320.;857.316;BB2C7AA4;2024-09-24 08:22:00;13 - 19;#NULO#;2024-10-06 07:00:01;2024-10-06 16:04:46;5;2024-10-06 16:06:58;-1;-1
09/10/2024;16:36:29;2024;0;Eleição Ordinária;452;2024-10-06 00:00:00;1;619;Eleições Municipais 2024;RR;3077;BONFIM;5;544;1023;13;Vereador;15;MDB;Movimento Democrático Brasileiro;2024-10-06 19:04:54;352;320;32;1;Apurada;4;Legenda;15;MDB;1;2257711;218.876.384.083.871.614.;743.294;6C41F76B;2024-09-24 08:50:00;13 - 544;628;2024-10-06 07:00:01;2024-10-06 16:09:14;5;2024-10-06 16:11:52;-1;-1
09/10/2024;16:36:29;2024;0;Eleição Ordinária;452;2024-10-06 00:00:00;1;619;Eleições Municipais 2024;RR;3026;IRACEMA;6;9;1031;13;Vereador;44;UNIÃO;União Brasil;2024-10-06 18:28:02;293;255;38;1;Apurada;4;Legenda;44;UNIÃO;1;2258116;576.023.568.848.586.802.;828.121;BFE4729D;2024-09-24 08:55:00;13 - 9;#NULO#;2024-10-06 07:00:01;2024-10-06 16:01:39;17;2024-10-06 16:04:40;-1;-1
09/10/2024;16:36:29;2024;0;Eleição Ordinária;452;2024-10-06 00:00:00;1;619;Eleições Municipais 2024;RR;3042;AMAJARI;7;39;1074;13;Vereador;10;REPUBLICANOS;REPUBLICANOS;2024-10-06 18:15:31;272;222;50;1;Apurada;4;Legenda;10;REPUBLICANOS;1;2277069;039.280.232.212.758.623.;293.848;8A475BC8;2024-09-23 10:32:00;13 - 39;#NULO#;2024-10-06 07:03:16;2024-10-06 16:02:47;7;2024-10-06 16:06:22;-1;-1
09/10/2024;16:36:29;2024;0;Eleição Ordinária;452;2024-10-06 00:00:00;1;619;Eleições Municipais 2024;RR;3026;IRACEMA;6;6;1015;13;Vereador;44;UNIÃO;União Brasil;2024-10-06 18:34:27;295;270;25;1;Apurada;4;Legenda;44;UNIÃO;1;2260685;424.508.081.533.995.391.;157.181;BFE4729D;2024-09-24 08:40:00;13 - 6;#NULO#;2024-10-06 07:00:01;2024-10-06 16:01:08;5;2024-10-06 16:03:05;-1;-1
09/10/2024;16:36:29;2024;0;Eleição Ordinária;452;2024-10-06 00:00:00;1;619;Eleições Municipais 2024;RR;3026;IRACEMA;6;97;1015;13;Vereador;44;UNIÃO;União Brasil;2024-10-06 18:34:33;292;265;27;1;Apurada;4;Legenda;44;UNIÃO;1;2300551;939.659.333.138.525.371.;378.563;BB2C7AA4;2024-09-24 09:30:00;13 - 97;#NULO#;2024-10-06 07:27:11;2024-10-06 16:01:26;5;2024-10-06 16:04:03;-1;-1